Sample in Buffer,Sample in Window,TRIGGER,kv_guard_bd_i/kv_lifecycle_guard_0_dbg_rstn,kv_guard_bd_i/kv_lifecycle_guard_0_dbg_heartbeat[15:0],kv_guard_bd_i/kv_lifecycle_guard_0_dbg_refcount[7:0],kv_guard_bd_i/kv_lifecycle_guard_0_dbg_reservation[7:0],kv_guard_bd_i/kv_lifecycle_guard_0_dbg_inflight[5:0],kv_guard_bd_i/kv_lifecycle_guard_0_dbg_fill_pending[3:0],kv_guard_bd_i/kv_lifecycle_guard_0_dbg_generation[7:0],kv_guard_bd_i/kv_lifecycle_guard_0_dbg_exp_generation[7:0],kv_guard_bd_i/kv_lifecycle_guard_0_dbg_slot[5:0],kv_guard_bd_i/kv_lifecycle_guard_0_dbg_phys[5:0],kv_guard_bd_i/kv_lifecycle_guard_0_dbg_reuse_req,kv_guard_bd_i/kv_lifecycle_guard_0_dbg_reuse_grant,kv_guard_bd_i/kv_lifecycle_guard_0_dbg_reuse_refused,kv_guard_bd_i/kv_lifecycle_guard_0_dbg_stale,kv_guard_bd_i/kv_lifecycle_guard_0_dbg_payload_mm,kv_guard_bd_i/kv_lifecycle_guard_0_dbg_evictable,kv_guard_bd_i/kv_lifecycle_guard_0_dbg_outstanding[1:0],kv_guard_bd_i/kv_lifecycle_guard_0_dbg_ar_wait[15:0],kv_guard_bd_i/kv_lifecycle_guard_0_dbg_rd_latency[15:0],kv_guard_bd_i/kv_lifecycle_guard_0_dbg_rd_latency_max[15:0],kv_guard_bd_i/kv_lifecycle_guard_0_dbg_sticky[7:0]
Radix - UNSIGNED,UNSIGNED,UNSIGNED,HEX,HEX,HEX,HEX,HEX,HEX,HEX,HEX,HEX,HEX,HEX,HEX,HEX,HEX,HEX,HEX,HEX,HEX,HEX,HEX,HEX
0,0,0,1,10e8,00,00,05,0,00,00,05,09,0,0,0,0,0,0,0,0000,0000,0000,01
1,1,0,1,10e9,00,00,05,0,00,00,05,09,0,0,0,0,0,0,0,0000,0000,0000,01
2,2,0,1,10ea,00,00,05,0,00,00,05,09,0,0,0,0,0,0,0,0000,0000,0000,01
3,3,0,1,10eb,00,00,05,0,00,00,05,09,0,0,0,0,0,0,0,0000,0000,0000,01
4,4,0,1,10ec,00,00,05,0,00,00,05,09,0,0,0,0,0,0,0,0000,0000,0000,01
5,5,0,1,10ed,00,00,05,0,00,00,05,09,0,0,0,0,0,0,0,0000,0000,0000,01
6,6,0,1,10ee,00,00,05,0,00,00,05,09,0,0,0,0,0,0,0,0000,0000,0000,01
7,7,0,1,10ef,00,00,05,0,00,00,05,09,0,0,0,0,0,0,0,0000,0000,0000,01
8,8,0,1,10f0,00,00,05,0,00,00,05,09,0,0,0,0,0,0,0,0000,0000,0000,01
9,9,0,1,10f1,00,00,05,0,00,00,05,09,0,0,0,0,0,0,0,0000,0000,0000,01
10,10,0,1,10f2,00,00,05,0,00,00,05,09,0,0,0,0,0,0,0,0000,0000,0000,01
11,11,0,1,10f3,00,00,05,0,00,00,05,09,0,0,0,0,0,0,0,0000,0000,0000,01
12,12,0,1,10f4,00,00,05,0,00,00,05,09,0,0,0,0,0,0,0,0000,0000,0000,01
13,13,0,1,10f5,00,00,05,0,00,00,05,09,0,0,0,0,0,0,0,0000,0000,0000,01
14,14,0,1,10f6,00,00,05,0,00,00,05,09,0,0,0,0,0,0,0,0000,0000,0000,01
15,15,0,1,10f7,00,00,05,0,00,00,05,09,0,0,0,0,0,0,0,0000,0000,0000,01
16,16,0,1,10f8,00,00,05,0,00,00,05,09,0,0,0,0,0,0,0,0000,0000,0000,01
17,17,0,1,10f9,00,00,05,0,00,00,05,09,0,0,0,0,0,0,0,0000,0000,0000,01
18,18,0,1,10fa,00,00,05,0,00,00,05,09,0,0,0,0,0,0,0,0000,0000,0000,01
19,19,0,1,10fb,00,00,05,0,00,00,05,09,0,0,0,0,0,0,0,0000,0000,0000,01
20,20,0,1,10fc,00,00,05,0,00,00,05,09,0,0,0,0,0,0,0,0000,0000,0000,01
21,21,0,1,10fd,00,00,05,0,00,00,05,09,0,0,0,0,0,0,0,0000,0000,0000,01
22,22,0,1,10fe,00,00,05,0,00,00,05,09,0,0,0,0,0,0,0,0000,0000,0000,01
23,23,0,1,10ff,00,00,05,0,00,00,05,09,0,0,0,0,0,0,0,0000,0000,0000,01
24,24,0,1,1100,00,00,05,0,00,00,05,09,0,0,0,0,0,0,0,0000,0000,0000,01
25,25,0,1,1101,00,00,05,0,00,00,05,09,0,0,0,0,0,0,0,0000,0000,0000,01
26,26,0,1,1102,00,00,05,0,00,00,05,09,0,0,0,0,0,0,0,0000,0000,0000,01
27,27,0,1,1103,00,00,05,0,00,00,05,09,0,0,0,0,0,0,0,0000,0000,0000,01
28,28,0,1,1104,00,00,05,0,00,00,05,09,0,0,0,0,0,0,0,0000,0000,0000,01
29,29,0,1,1105,00,00,05,0,00,00,05,09,0,0,0,0,0,0,0,0000,0000,0000,01
30,30,0,1,1106,00,00,05,0,00,00,05,09,0,0,0,0,0,0,0,0000,0000,0000,01
31,31,0,1,1107,00,00,05,0,00,00,05,09,0,0,0,0,0,0,0,0000,0000,0000,01
32,32,0,1,1108,00,00,05,0,00,00,05,09,0,0,0,0,0,0,0,0000,0000,0000,01
33,33,0,1,1109,00,00,05,0,00,00,05,09,0,0,0,0,0,0,0,0000,0000,0000,01
34,34,0,1,110a,00,00,05,0,00,00,05,09,0,0,0,0,0,0,0,0000,0000,0000,01
35,35,0,1,110b,00,00,05,0,00,00,05,09,0,0,0,0,0,0,0,0000,0000,0000,01
36,36,0,1,110c,00,00,05,0,00,00,05,09,0,0,0,0,0,0,0,0000,0000,0000,01
37,37,0,1,110d,00,00,05,0,00,00,05,09,0,0,0,0,0,0,0,0000,0000,0000,01
38,38,0,1,110e,00,00,05,0,00,00,05,09,0,0,0,0,0,0,0,0000,0000,0000,01
39,39,0,1,110f,00,00,05,0,00,00,05,09,0,0,0,0,0,0,0,0000,0000,0000,01
40,40,0,1,1110,00,00,05,0,00,00,05,09,0,0,0,0,0,0,0,0000,0000,0000,01
41,41,0,1,1111,00,00,05,0,00,00,05,09,0,0,0,0,0,0,0,0000,0000,0000,01
42,42,0,1,1112,00,00,05,0,00,00,05,09,0,0,0,0,0,0,0,0000,0000,0000,01
43,43,0,1,1113,00,00,05,0,00,00,05,09,0,0,0,0,0,0,0,0000,0000,0000,01
44,44,0,1,1114,00,00,05,0,00,00,05,09,0,0,0,0,0,0,0,0000,0000,0000,01
45,45,0,1,1115,00,00,05,0,00,00,05,09,0,0,0,0,0,0,0,0000,0000,0000,01
46,46,0,1,1116,00,00,05,0,00,00,05,09,0,0,0,0,0,0,0,0000,0000,0000,01
47,47,0,1,1117,00,00,05,0,00,00,05,09,0,0,0,0,0,0,0,0000,0000,0000,01
48,48,0,1,1118,00,00,05,0,00,00,05,09,0,0,0,0,0,0,0,0000,0000,0000,01
49,49,0,1,1119,00,00,05,0,00,00,05,09,0,0,0,0,0,0,0,0000,0000,0000,01
50,50,0,1,111a,00,00,05,0,00,00,05,09,0,0,0,0,0,0,0,0000,0000,0000,01
51,51,0,1,111b,00,00,05,0,00,00,05,09,0,0,0,0,0,0,0,0000,0000,0000,01
52,52,0,1,111c,00,00,05,0,00,00,05,09,0,0,0,0,0,0,0,0000,0000,0000,01
53,53,0,1,111d,00,00,05,0,00,00,05,09,0,0,0,0,0,0,0,0000,0000,0000,01
54,54,0,1,111e,00,00,05,0,00,00,05,09,0,0,0,0,0,0,0,0000,0000,0000,01
55,55,0,1,111f,00,00,05,0,00,00,05,09,0,0,0,0,0,0,0,0000,0000,0000,01
56,56,0,1,1120,00,00,05,0,00,00,05,09,0,0,0,0,0,0,0,0000,0000,0000,01
57,57,0,1,1121,00,00,05,0,00,00,05,09,0,0,0,0,0,0,0,0000,0000,0000,01
58,58,0,1,1122,00,00,05,0,00,00,05,09,0,0,0,0,0,0,0,0000,0000,0000,01
59,59,0,1,1123,00,00,05,0,00,00,05,09,0,0,0,0,0,0,0,0000,0000,0000,01
60,60,0,1,1124,00,00,05,0,00,00,05,09,0,0,0,0,0,0,0,0000,0000,0000,01
61,61,0,1,1125,00,00,05,0,00,00,05,09,0,0,0,0,0,0,0,0000,0000,0000,01
62,62,0,1,1126,00,00,05,0,00,00,05,09,0,0,0,0,0,0,0,0000,0000,0000,01
63,63,0,1,1127,00,00,05,0,00,00,05,09,0,0,0,0,0,0,0,0000,0000,0000,01
64,64,0,1,1128,00,00,05,0,00,00,05,09,0,0,0,0,0,0,0,0000,0000,0000,01
65,65,0,1,1129,00,00,05,0,00,00,05,09,0,0,0,0,0,0,0,0000,0000,0000,01
66,66,0,1,112a,00,00,05,0,00,00,05,09,0,0,0,0,0,0,0,0000,0000,0000,01
67,67,0,1,112b,00,00,05,0,00,00,05,09,0,0,0,0,0,0,0,0000,0000,0000,01
68,68,0,1,112c,00,00,05,0,00,00,05,09,0,0,0,0,0,0,0,0000,0000,0000,01
69,69,0,1,112d,00,00,05,0,00,00,05,09,0,0,0,0,0,0,0,0000,0000,0000,01
70,70,0,1,112e,00,00,05,0,00,00,05,09,0,0,0,0,0,0,0,0000,0000,0000,01
71,71,0,1,112f,00,00,05,0,00,00,05,09,0,0,0,0,0,0,0,0000,0000,0000,01
72,72,0,1,1130,00,00,05,0,00,00,05,09,0,0,0,0,0,0,0,0000,0000,0000,01
73,73,0,1,1131,00,00,05,0,00,00,05,09,0,0,0,0,0,0,0,0000,0000,0000,01
74,74,0,1,1132,00,00,05,0,00,00,05,09,0,0,0,0,0,0,0,0000,0000,0000,01
75,75,0,1,1133,00,00,05,0,00,00,05,09,0,0,0,0,0,0,0,0000,0000,0000,01
76,76,0,1,1134,00,00,05,0,00,00,05,09,0,0,0,0,0,0,0,0000,0000,0000,01
77,77,0,1,1135,00,00,05,0,00,00,05,09,0,0,0,0,0,0,0,0000,0000,0000,01
78,78,0,1,1136,00,00,05,0,00,00,05,09,0,0,0,0,0,0,0,0000,0000,0000,01
79,79,0,1,1137,00,00,05,0,00,00,05,09,0,0,0,0,0,0,0,0000,0000,0000,01
80,80,0,1,1138,00,00,05,0,00,00,05,09,0,0,0,0,0,0,0,0000,0000,0000,01
81,81,0,1,1139,00,00,05,0,00,00,05,09,0,0,0,0,0,0,0,0000,0000,0000,01
82,82,0,1,113a,00,00,05,0,00,00,05,09,0,0,0,0,0,0,0,0000,0000,0000,01
83,83,0,1,113b,00,00,05,0,00,00,05,09,0,0,0,0,0,0,0,0000,0000,0000,01
84,84,0,1,113c,00,00,05,0,00,00,05,09,0,0,0,0,0,0,0,0000,0000,0000,01
85,85,0,1,113d,00,00,05,0,00,00,05,09,0,0,0,0,0,0,0,0000,0000,0000,01
86,86,0,1,113e,00,00,05,0,00,00,05,09,0,0,0,0,0,0,0,0000,0000,0000,01
87,87,0,1,113f,00,00,05,0,00,00,05,09,0,0,0,0,0,0,0,0000,0000,0000,01
88,88,0,1,1140,00,00,05,0,00,00,05,09,0,0,0,0,0,0,0,0000,0000,0000,01
89,89,0,1,1141,00,00,05,0,00,00,05,09,0,0,0,0,0,0,0,0000,0000,0000,01
90,90,0,1,1142,00,00,05,0,00,00,05,09,0,0,0,0,0,0,0,0000,0000,0000,01
91,91,0,1,1143,00,00,05,0,00,00,05,09,0,0,0,0,0,0,0,0000,0000,0000,01
92,92,0,1,1144,00,00,05,0,00,00,05,09,0,0,0,0,0,0,0,0000,0000,0000,01
93,93,0,1,1145,00,00,05,0,00,00,05,09,0,0,0,0,0,0,0,0000,0000,0000,01
94,94,0,1,1146,00,00,05,0,00,00,05,09,0,0,0,0,0,0,0,0000,0000,0000,01
95,95,0,1,1147,00,00,05,0,00,00,05,09,0,0,0,0,0,0,0,0000,0000,0000,01
96,96,0,1,1148,00,00,05,0,00,00,05,09,0,0,0,0,0,0,0,0000,0000,0000,01
97,97,0,1,1149,00,00,05,0,00,00,05,09,0,0,0,0,0,0,0,0000,0000,0000,01
98,98,0,1,114a,00,00,05,0,00,00,05,09,0,0,0,0,0,0,0,0000,0000,0000,01
99,99,0,1,114b,00,00,05,0,00,00,05,09,0,0,0,0,0,0,0,0000,0000,0000,01
100,100,0,1,114c,00,00,05,0,00,00,05,09,0,0,0,0,0,0,0,0000,0000,0000,01
101,101,0,1,114d,00,00,05,0,00,00,05,09,0,0,0,0,0,0,0,0000,0000,0000,01
102,102,0,1,114e,00,00,05,0,00,00,05,09,0,0,0,0,0,0,0,0000,0000,0000,01
103,103,0,1,114f,00,00,05,0,00,00,05,09,0,0,0,0,0,0,0,0000,0000,0000,01
104,104,0,1,1150,00,00,05,0,00,00,05,09,0,0,0,0,0,0,0,0000,0000,0000,01
105,105,0,1,1151,00,00,05,0,00,00,05,09,0,0,0,0,0,0,0,0000,0000,0000,01
106,106,0,1,1152,00,00,05,0,00,00,05,09,0,0,0,0,0,0,0,0000,0000,0000,01
107,107,0,1,1153,00,00,05,0,00,00,05,09,0,0,0,0,0,0,0,0000,0000,0000,01
108,108,0,1,1154,00,00,05,0,00,00,05,09,0,0,0,0,0,0,0,0000,0000,0000,01
109,109,0,1,1155,00,00,05,0,00,00,05,09,0,0,0,0,0,0,0,0000,0000,0000,01
110,110,0,1,1156,00,00,05,0,00,00,05,09,0,0,0,0,0,0,0,0000,0000,0000,01
111,111,0,1,1157,00,00,05,0,00,00,05,09,0,0,0,0,0,0,0,0000,0000,0000,01
112,112,0,1,1158,00,00,05,0,00,00,05,09,0,0,0,0,0,0,0,0000,0000,0000,01
113,113,0,1,1159,00,00,05,0,00,00,05,09,0,0,0,0,0,0,0,0000,0000,0000,01
114,114,0,1,115a,00,00,05,0,00,00,05,09,0,0,0,0,0,0,0,0000,0000,0000,01
115,115,0,1,115b,00,00,05,0,00,00,05,09,0,0,0,0,0,0,0,0000,0000,0000,01
116,116,0,1,115c,00,00,05,0,00,00,05,09,0,0,0,0,0,0,0,0000,0000,0000,01
117,117,0,1,115d,00,00,05,0,00,00,05,09,0,0,0,0,0,0,0,0000,0000,0000,01
118,118,0,1,115e,00,00,05,0,00,00,05,09,0,0,0,0,0,0,0,0000,0000,0000,01
119,119,0,1,115f,00,00,05,0,00,00,05,09,0,0,0,0,0,0,0,0000,0000,0000,01
120,120,0,1,1160,00,00,05,0,00,00,05,09,0,0,0,0,0,0,0,0000,0000,0000,01
121,121,0,1,1161,00,00,05,0,00,00,05,09,0,0,0,0,0,0,0,0000,0000,0000,01
122,122,0,1,1162,00,00,05,0,00,00,05,09,0,0,0,0,0,0,0,0000,0000,0000,01
123,123,0,1,1163,00,00,05,0,00,00,05,09,0,0,0,0,0,0,0,0000,0000,0000,01
124,124,0,1,1164,00,00,05,0,00,00,05,09,0,0,0,0,0,0,0,0000,0000,0000,01
125,125,0,1,1165,00,00,05,0,00,00,05,09,0,0,0,0,0,0,0,0000,0000,0000,01
126,126,0,1,1166,00,00,05,0,00,00,05,09,0,0,0,0,0,0,0,0000,0000,0000,01
127,127,0,1,1167,00,00,05,0,00,00,05,09,0,0,0,0,0,0,0,0000,0000,0000,01
128,128,0,1,1168,00,00,05,0,00,00,05,09,0,0,0,0,0,0,0,0000,0000,0000,01
129,129,0,1,1169,00,00,05,0,00,00,05,09,0,0,0,0,0,0,0,0000,0000,0000,01
130,130,0,1,116a,00,00,05,0,00,00,05,09,0,0,0,0,0,0,0,0000,0000,0000,01
131,131,0,1,116b,00,00,05,0,00,00,05,09,0,0,0,0,0,0,0,0000,0000,0000,01
132,132,0,1,116c,00,00,05,0,00,00,05,09,0,0,0,0,0,0,0,0000,0000,0000,01
133,133,0,1,116d,00,00,05,0,00,00,05,09,0,0,0,0,0,0,0,0000,0000,0000,01
134,134,0,1,116e,00,00,05,0,00,00,05,09,0,0,0,0,0,0,0,0000,0000,0000,01
135,135,0,1,116f,00,00,05,0,00,00,05,09,0,0,0,0,0,0,0,0000,0000,0000,01
136,136,0,1,1170,00,00,05,0,00,00,05,09,0,0,0,0,0,0,0,0000,0000,0000,01
137,137,0,1,1171,00,00,05,0,00,00,05,09,0,0,0,0,0,0,0,0000,0000,0000,01
138,138,0,1,1172,00,00,05,0,00,00,05,09,0,0,0,0,0,0,0,0000,0000,0000,01
139,139,0,1,1173,00,00,05,0,00,00,05,09,0,0,0,0,0,0,0,0000,0000,0000,01
140,140,0,1,1174,00,00,05,0,00,00,05,09,0,0,0,0,0,0,0,0000,0000,0000,01
141,141,0,1,1175,00,00,05,0,00,00,05,09,0,0,0,0,0,0,0,0000,0000,0000,01
142,142,0,1,1176,00,00,05,0,00,00,05,09,0,0,0,0,0,0,0,0000,0000,0000,01
143,143,0,1,1177,00,00,05,0,00,00,05,09,0,0,0,0,0,0,0,0000,0000,0000,01
144,144,0,1,1178,00,00,05,0,00,00,05,09,0,0,0,0,0,0,0,0000,0000,0000,01
145,145,0,1,1179,00,00,05,0,00,00,05,09,0,0,0,0,0,0,0,0000,0000,0000,01
146,146,0,1,117a,00,00,05,0,00,00,05,09,0,0,0,0,0,0,0,0000,0000,0000,01
147,147,0,1,117b,00,00,05,0,00,00,05,09,0,0,0,0,0,0,0,0000,0000,0000,01
148,148,0,1,117c,00,00,05,0,00,00,05,09,0,0,0,0,0,0,0,0000,0000,0000,01
149,149,0,1,117d,00,00,05,0,00,00,05,09,0,0,0,0,0,0,0,0000,0000,0000,01
150,150,0,1,117e,00,00,05,0,00,00,05,09,0,0,0,0,0,0,0,0000,0000,0000,01
151,151,0,1,117f,00,00,05,0,00,00,05,09,0,0,0,0,0,0,0,0000,0000,0000,01
152,152,0,1,1180,00,00,05,0,00,00,05,09,0,0,0,0,0,0,0,0000,0000,0000,01
153,153,0,1,1181,00,00,05,0,00,00,05,09,0,0,0,0,0,0,0,0000,0000,0000,01
154,154,0,1,1182,00,00,05,0,00,00,05,09,0,0,0,0,0,0,0,0000,0000,0000,01
155,155,0,1,1183,00,00,05,0,00,00,05,09,0,0,0,0,0,0,0,0000,0000,0000,01
156,156,0,1,1184,00,00,05,0,00,00,05,09,0,0,0,0,0,0,0,0000,0000,0000,01
157,157,0,1,1185,00,00,05,0,00,00,05,09,0,0,0,0,0,0,0,0000,0000,0000,01
158,158,0,1,1186,00,00,05,0,00,00,05,09,0,0,0,0,0,0,0,0000,0000,0000,01
159,159,0,1,1187,00,00,05,0,00,00,05,09,0,0,0,0,0,0,0,0000,0000,0000,01
160,160,0,1,1188,00,00,05,0,00,00,05,09,0,0,0,0,0,0,0,0000,0000,0000,01
161,161,0,1,1189,00,00,05,0,00,00,05,09,0,0,0,0,0,0,0,0000,0000,0000,01
162,162,0,1,118a,00,00,05,0,00,00,05,09,0,0,0,0,0,0,0,0000,0000,0000,01
163,163,0,1,118b,00,00,05,0,00,00,05,09,0,0,0,0,0,0,0,0000,0000,0000,01
164,164,0,1,118c,00,00,05,0,00,00,05,09,0,0,0,0,0,0,0,0000,0000,0000,01
165,165,0,1,118d,00,00,05,0,00,00,05,09,0,0,0,0,0,0,0,0000,0000,0000,01
166,166,0,1,118e,00,00,05,0,00,00,05,09,0,0,0,0,0,0,0,0000,0000,0000,01
167,167,0,1,118f,00,00,05,0,00,00,05,09,0,0,0,0,0,0,0,0000,0000,0000,01
168,168,0,1,1190,00,00,05,0,00,00,05,09,0,0,0,0,0,0,0,0000,0000,0000,01
169,169,0,1,1191,00,00,05,0,00,00,05,09,0,0,0,0,0,0,0,0000,0000,0000,01
170,170,0,1,1192,00,00,05,0,00,00,05,09,0,0,0,0,0,0,0,0000,0000,0000,01
171,171,0,1,1193,00,00,05,0,00,00,05,09,0,0,0,0,0,0,0,0000,0000,0000,01
172,172,0,1,1194,00,00,05,0,00,00,05,09,0,0,0,0,0,0,0,0000,0000,0000,01
173,173,0,1,1195,00,00,05,0,00,00,05,09,0,0,0,0,0,0,0,0000,0000,0000,01
174,174,0,1,1196,00,00,05,0,00,00,05,09,0,0,0,0,0,0,0,0000,0000,0000,01
175,175,0,1,1197,00,00,05,0,00,00,05,09,0,0,0,0,0,0,0,0000,0000,0000,01
176,176,0,1,1198,00,00,05,0,00,00,05,09,0,0,0,0,0,0,0,0000,0000,0000,01
177,177,0,1,1199,00,00,05,0,00,00,05,09,0,0,0,0,0,0,0,0000,0000,0000,01
178,178,0,1,119a,00,00,05,0,00,00,05,09,0,0,0,0,0,0,0,0000,0000,0000,01
179,179,0,1,119b,00,00,05,0,00,00,05,09,0,0,0,0,0,0,0,0000,0000,0000,01
180,180,0,1,119c,00,00,05,0,00,00,05,09,0,0,0,0,0,0,0,0000,0000,0000,01
181,181,0,1,119d,00,00,05,0,00,00,05,09,0,0,0,0,0,0,0,0000,0000,0000,01
182,182,0,1,119e,00,00,05,0,00,00,05,09,0,0,0,0,0,0,0,0000,0000,0000,01
183,183,0,1,119f,00,00,05,0,00,00,05,09,0,0,0,0,0,0,0,0000,0000,0000,01
184,184,0,1,11a0,00,00,05,0,00,00,05,09,0,0,0,0,0,0,0,0000,0000,0000,01
185,185,0,1,11a1,00,00,05,0,00,00,05,09,0,0,0,0,0,0,0,0000,0000,0000,01
186,186,0,1,11a2,00,00,05,0,00,00,05,09,0,0,0,0,0,0,0,0000,0000,0000,01
187,187,0,1,11a3,00,00,05,0,00,00,05,09,0,0,0,0,0,0,0,0000,0000,0000,01
188,188,0,1,11a4,00,00,05,0,00,00,05,09,0,0,0,0,0,0,0,0000,0000,0000,01
189,189,0,1,11a5,00,00,05,0,00,00,05,09,0,0,0,0,0,0,0,0000,0000,0000,01
190,190,0,1,11a6,00,00,05,0,00,00,05,09,0,0,0,0,0,0,0,0000,0000,0000,01
191,191,0,1,11a7,00,00,05,0,00,00,05,09,0,0,0,0,0,0,0,0000,0000,0000,01
192,192,0,1,11a8,00,00,05,0,00,00,05,09,0,0,0,0,0,0,0,0000,0000,0000,01
193,193,0,1,11a9,00,00,05,0,00,00,05,09,0,0,0,0,0,0,0,0000,0000,0000,01
194,194,0,1,11aa,00,00,05,0,00,00,05,09,0,0,0,0,0,0,0,0000,0000,0000,01
195,195,0,1,11ab,00,00,05,0,00,00,05,09,0,0,0,0,0,0,0,0000,0000,0000,01
196,196,0,1,11ac,00,00,05,0,00,00,05,09,0,0,0,0,0,0,0,0000,0000,0000,01
197,197,0,1,11ad,00,00,05,0,00,00,05,09,0,0,0,0,0,0,0,0000,0000,0000,01
198,198,0,1,11ae,00,00,05,0,00,00,05,09,0,0,0,0,0,0,0,0000,0000,0000,01
199,199,0,1,11af,00,00,05,0,00,00,05,09,0,0,0,0,0,0,0,0000,0000,0000,01
200,200,0,1,11b0,00,00,05,0,00,00,05,09,0,0,0,0,0,0,0,0000,0000,0000,01
201,201,0,1,11b1,00,00,05,0,00,00,05,09,0,0,0,0,0,0,0,0000,0000,0000,01
202,202,0,1,11b2,00,00,05,0,00,00,05,09,0,0,0,0,0,0,0,0000,0000,0000,01
203,203,0,1,11b3,00,00,05,0,00,00,05,09,0,0,0,0,0,0,0,0000,0000,0000,01
204,204,0,1,11b4,00,00,05,0,00,00,05,09,0,0,0,0,0,0,0,0000,0000,0000,01
205,205,0,1,11b5,00,00,05,0,00,00,05,09,0,0,0,0,0,0,0,0000,0000,0000,01
206,206,0,1,11b6,00,00,05,0,00,00,05,09,0,0,0,0,0,0,0,0000,0000,0000,01
207,207,0,1,11b7,00,00,05,0,00,00,05,09,0,0,0,0,0,0,0,0000,0000,0000,01
208,208,0,1,11b8,00,00,05,0,00,00,05,09,0,0,0,0,0,0,0,0000,0000,0000,01
209,209,0,1,11b9,00,00,05,0,00,00,05,09,0,0,0,0,0,0,0,0000,0000,0000,01
210,210,0,1,11ba,00,00,05,0,00,00,05,09,0,0,0,0,0,0,0,0000,0000,0000,01
211,211,0,1,11bb,00,00,05,0,00,00,05,09,0,0,0,0,0,0,0,0000,0000,0000,01
212,212,0,1,11bc,00,00,05,0,00,00,05,09,0,0,0,0,0,0,0,0000,0000,0000,01
213,213,0,1,11bd,00,00,05,0,00,00,05,09,0,0,0,0,0,0,0,0000,0000,0000,01
214,214,0,1,11be,00,00,05,0,00,00,05,09,0,0,0,0,0,0,0,0000,0000,0000,01
215,215,0,1,11bf,00,00,05,0,00,00,05,09,0,0,0,0,0,0,0,0000,0000,0000,01
216,216,0,1,11c0,00,00,05,0,00,00,05,09,0,0,0,0,0,0,0,0000,0000,0000,01
217,217,0,1,11c1,00,00,05,0,00,00,05,09,0,0,0,0,0,0,0,0000,0000,0000,01
218,218,0,1,11c2,00,00,05,0,00,00,05,09,0,0,0,0,0,0,0,0000,0000,0000,01
219,219,0,1,11c3,00,00,05,0,00,00,05,09,0,0,0,0,0,0,0,0000,0000,0000,01
220,220,0,1,11c4,00,00,05,0,00,00,05,09,0,0,0,0,0,0,0,0000,0000,0000,01
221,221,0,1,11c5,00,00,05,0,00,00,05,09,0,0,0,0,0,0,0,0000,0000,0000,01
222,222,0,1,11c6,00,00,05,0,00,00,05,09,0,0,0,0,0,0,0,0000,0000,0000,01
223,223,0,1,11c7,00,00,05,0,00,00,05,09,0,0,0,0,0,0,0,0000,0000,0000,01
224,224,0,1,11c8,00,00,05,0,00,00,05,09,0,0,0,0,0,0,0,0000,0000,0000,01
225,225,0,1,11c9,00,00,05,0,00,00,05,09,0,0,0,0,0,0,0,0000,0000,0000,01
226,226,0,1,11ca,00,00,05,0,00,00,05,09,0,0,0,0,0,0,0,0000,0000,0000,01
227,227,0,1,11cb,00,00,05,0,00,00,05,09,0,0,0,0,0,0,0,0000,0000,0000,01
228,228,0,1,11cc,00,00,05,0,00,00,05,09,0,0,0,0,0,0,0,0000,0000,0000,01
229,229,0,1,11cd,00,00,05,0,00,00,05,09,0,0,0,0,0,0,0,0000,0000,0000,01
230,230,0,1,11ce,00,00,05,0,00,00,05,09,0,0,0,0,0,0,0,0000,0000,0000,01
231,231,0,1,11cf,00,00,05,0,00,00,05,09,0,0,0,0,0,0,0,0000,0000,0000,01
232,232,0,1,11d0,00,00,05,0,00,00,05,09,0,0,0,0,0,0,0,0000,0000,0000,01
233,233,0,1,11d1,00,00,05,0,00,00,05,09,0,0,0,0,0,0,0,0000,0000,0000,01
234,234,0,1,11d2,00,00,05,0,00,00,05,09,0,0,0,0,0,0,0,0000,0000,0000,01
235,235,0,1,11d3,00,00,05,0,00,00,05,09,0,0,0,0,0,0,0,0000,0000,0000,01
236,236,0,1,11d4,00,00,05,0,00,00,05,09,0,0,0,0,0,0,0,0000,0000,0000,01
237,237,0,1,11d5,00,00,05,0,00,00,05,09,0,0,0,0,0,0,0,0000,0000,0000,01
238,238,0,1,11d6,00,00,05,0,00,00,05,09,0,0,0,0,0,0,0,0000,0000,0000,01
239,239,0,1,11d7,00,00,05,0,00,00,05,09,0,0,0,0,0,0,0,0000,0000,0000,01
240,240,0,1,11d8,00,00,05,0,00,00,05,09,0,0,0,0,0,0,0,0000,0000,0000,01
241,241,0,1,11d9,00,00,05,0,00,00,05,09,0,0,0,0,0,0,0,0000,0000,0000,01
242,242,0,1,11da,00,00,05,0,00,00,05,09,0,0,0,0,0,0,0,0000,0000,0000,01
243,243,0,1,11db,00,00,05,0,00,00,05,09,0,0,0,0,0,0,0,0000,0000,0000,01
244,244,0,1,11dc,00,00,05,0,00,00,05,09,0,0,0,0,0,0,0,0000,0000,0000,01
245,245,0,1,11dd,00,00,05,0,00,00,05,09,0,0,0,0,0,0,0,0000,0000,0000,01
246,246,0,1,11de,00,00,05,0,00,00,05,09,0,0,0,0,0,0,0,0000,0000,0000,01
247,247,0,1,11df,00,00,05,0,00,00,05,09,0,0,0,0,0,0,0,0000,0000,0000,01
248,248,0,1,11e0,00,00,05,0,00,00,05,09,0,0,0,0,0,0,0,0000,0000,0000,01
249,249,0,1,11e1,00,00,05,0,00,00,05,09,0,0,0,0,0,0,0,0000,0000,0000,01
250,250,0,1,11e2,00,00,05,0,00,00,05,09,0,0,0,0,0,0,0,0000,0000,0000,01
251,251,0,1,11e3,00,00,05,0,00,00,05,09,0,0,0,0,0,0,0,0000,0000,0000,01
252,252,0,1,11e4,00,00,05,0,00,00,05,09,0,0,0,0,0,0,0,0000,0000,0000,01
253,253,0,1,11e5,00,00,05,0,00,00,05,09,0,0,0,0,0,0,0,0000,0000,0000,01
254,254,0,1,11e6,00,00,05,0,00,00,05,09,0,0,0,0,0,0,0,0000,0000,0000,01
255,255,0,1,11e7,00,00,05,0,00,00,05,09,0,0,0,0,0,0,0,0000,0000,0000,01
256,256,0,1,11e8,00,00,05,0,00,00,05,09,0,0,0,0,0,0,0,0000,0000,0000,01
257,257,0,1,11e9,00,00,05,0,00,00,05,09,0,0,0,0,0,0,0,0000,0000,0000,01
258,258,0,1,11ea,00,00,05,0,00,00,05,09,0,0,0,0,0,0,0,0000,0000,0000,01
259,259,0,1,11eb,00,00,05,0,00,00,05,09,0,0,0,0,0,0,0,0000,0000,0000,01
260,260,0,1,11ec,00,00,05,0,00,00,05,09,0,0,0,0,0,0,0,0000,0000,0000,01
261,261,0,1,11ed,00,00,05,0,00,00,05,09,0,0,0,0,0,0,0,0000,0000,0000,01
262,262,0,1,11ee,00,00,05,0,00,00,05,09,0,0,0,0,0,0,0,0000,0000,0000,01
263,263,0,1,11ef,00,00,05,0,00,00,05,09,0,0,0,0,0,0,0,0000,0000,0000,01
264,264,0,1,11f0,00,00,05,0,00,00,05,09,0,0,0,0,0,0,0,0000,0000,0000,01
265,265,0,1,11f1,00,00,05,0,00,00,05,09,0,0,0,0,0,0,0,0000,0000,0000,01
266,266,0,1,11f2,00,00,05,0,00,00,05,09,0,0,0,0,0,0,0,0000,0000,0000,01
267,267,0,1,11f3,00,00,05,0,00,00,05,09,0,0,0,0,0,0,0,0000,0000,0000,01
268,268,0,1,11f4,00,00,05,0,00,00,05,09,0,0,0,0,0,0,0,0000,0000,0000,01
269,269,0,1,11f5,00,00,05,0,00,00,05,09,0,0,0,0,0,0,0,0000,0000,0000,01
270,270,0,1,11f6,00,00,05,0,00,00,05,09,0,0,0,0,0,0,0,0000,0000,0000,01
271,271,0,1,11f7,00,00,05,0,00,00,05,09,0,0,0,0,0,0,0,0000,0000,0000,01
272,272,0,1,11f8,00,00,05,0,00,00,05,09,0,0,0,0,0,0,0,0000,0000,0000,01
273,273,0,1,11f9,00,00,05,0,00,00,05,09,0,0,0,0,0,0,0,0000,0000,0000,01
274,274,0,1,11fa,00,00,05,0,00,00,05,09,0,0,0,0,0,0,0,0000,0000,0000,01
275,275,0,1,11fb,00,00,05,0,00,00,05,09,0,0,0,0,0,0,0,0000,0000,0000,01
276,276,0,1,11fc,00,00,05,0,00,00,05,09,0,0,0,0,0,0,0,0000,0000,0000,01
277,277,0,1,11fd,00,00,05,0,00,00,05,09,0,0,0,0,0,0,0,0000,0000,0000,01
278,278,0,1,11fe,00,00,05,0,00,00,05,09,0,0,0,0,0,0,0,0000,0000,0000,01
279,279,0,1,11ff,00,00,05,0,00,00,05,09,0,0,0,0,0,0,0,0000,0000,0000,01
280,280,0,1,1200,00,00,05,0,00,00,05,09,0,0,0,0,0,0,0,0000,0000,0000,01
281,281,0,1,1201,00,00,05,0,00,00,05,09,0,0,0,0,0,0,0,0000,0000,0000,01
282,282,0,1,1202,00,00,05,0,00,00,05,09,0,0,0,0,0,0,0,0000,0000,0000,01
283,283,0,1,1203,00,00,05,0,00,00,05,09,0,0,0,0,0,0,0,0000,0000,0000,01
284,284,0,1,1204,00,00,05,0,00,00,05,09,0,0,0,0,0,0,0,0000,0000,0000,01
285,285,0,1,1205,00,00,05,0,00,00,05,09,0,0,0,0,0,0,0,0000,0000,0000,01
286,286,0,1,1206,00,00,05,0,00,00,05,09,0,0,0,0,0,0,0,0000,0000,0000,01
287,287,0,1,1207,00,00,05,0,00,00,05,09,0,0,0,0,0,0,0,0000,0000,0000,01
288,288,0,1,1208,00,00,05,0,00,00,05,09,0,0,0,0,0,0,0,0000,0000,0000,01
289,289,0,1,1209,00,00,05,0,00,00,05,09,0,0,0,0,0,0,0,0000,0000,0000,01
290,290,0,1,120a,00,00,05,0,00,00,05,09,0,0,0,0,0,0,0,0000,0000,0000,01
291,291,0,1,120b,00,00,05,0,00,00,05,09,0,0,0,0,0,0,0,0000,0000,0000,01
292,292,0,1,120c,00,00,05,0,00,00,05,09,0,0,0,0,0,0,0,0000,0000,0000,01
293,293,0,1,120d,00,00,05,0,00,00,05,09,0,0,0,0,0,0,0,0000,0000,0000,01
294,294,0,1,120e,00,00,05,0,00,00,05,09,0,0,0,0,0,0,0,0000,0000,0000,01
295,295,0,1,120f,00,00,05,0,00,00,05,09,0,0,0,0,0,0,0,0000,0000,0000,01
296,296,0,1,1210,00,00,05,0,00,00,05,09,0,0,0,0,0,0,0,0000,0000,0000,01
297,297,0,1,1211,00,00,05,0,00,00,05,09,0,0,0,0,0,0,0,0000,0000,0000,01
298,298,0,1,1212,00,00,05,0,00,00,05,09,0,0,0,0,0,0,0,0000,0000,0000,01
299,299,0,1,1213,00,00,05,0,00,00,05,09,0,0,0,0,0,0,0,0000,0000,0000,01
300,300,0,1,1214,00,00,05,0,00,00,05,09,0,0,0,0,0,0,0,0000,0000,0000,01
301,301,0,1,1215,00,00,05,0,00,00,05,09,0,0,0,0,0,0,0,0000,0000,0000,01
302,302,0,1,1216,00,00,05,0,00,00,05,09,0,0,0,0,0,0,0,0000,0000,0000,01
303,303,0,1,1217,00,00,05,0,00,00,05,09,0,0,0,0,0,0,0,0000,0000,0000,01
304,304,0,1,1218,00,00,05,0,00,00,05,09,0,0,0,0,0,0,0,0000,0000,0000,01
305,305,0,1,1219,00,00,05,0,00,00,05,09,0,0,0,0,0,0,0,0000,0000,0000,01
306,306,0,1,121a,00,00,05,0,00,00,05,09,0,0,0,0,0,0,0,0000,0000,0000,01
307,307,0,1,121b,00,00,05,0,00,00,05,09,0,0,0,0,0,0,0,0000,0000,0000,01
308,308,0,1,121c,00,00,05,0,00,00,05,09,0,0,0,0,0,0,0,0000,0000,0000,01
309,309,0,1,121d,00,00,05,0,00,00,05,09,0,0,0,0,0,0,0,0000,0000,0000,01
310,310,0,1,121e,00,00,05,0,00,00,05,09,0,0,0,0,0,0,0,0000,0000,0000,01
311,311,0,1,121f,00,00,05,0,00,00,05,09,0,0,0,0,0,0,0,0000,0000,0000,01
312,312,0,1,1220,00,00,05,0,00,00,05,09,0,0,0,0,0,0,0,0000,0000,0000,01
313,313,0,1,1221,00,00,05,0,00,00,05,09,0,0,0,0,0,0,0,0000,0000,0000,01
314,314,0,1,1222,00,00,05,0,00,00,05,09,0,0,0,0,0,0,0,0000,0000,0000,01
315,315,0,1,1223,00,00,05,0,00,00,05,09,0,0,0,0,0,0,0,0000,0000,0000,01
316,316,0,1,1224,00,00,05,0,00,00,05,09,0,0,0,0,0,0,0,0000,0000,0000,01
317,317,0,1,1225,00,00,05,0,00,00,05,09,0,0,0,0,0,0,0,0000,0000,0000,01
318,318,0,1,1226,00,00,05,0,00,00,05,09,0,0,0,0,0,0,0,0000,0000,0000,01
319,319,0,1,1227,00,00,05,0,00,00,05,09,0,0,0,0,0,0,0,0000,0000,0000,01
320,320,0,1,1228,00,00,05,0,00,00,05,09,0,0,0,0,0,0,0,0000,0000,0000,01
321,321,0,1,1229,00,00,05,0,00,00,05,09,0,0,0,0,0,0,0,0000,0000,0000,01
322,322,0,1,122a,00,00,05,0,00,00,05,09,0,0,0,0,0,0,0,0000,0000,0000,01
323,323,0,1,122b,00,00,05,0,00,00,05,09,0,0,0,0,0,0,0,0000,0000,0000,01
324,324,0,1,122c,00,00,05,0,00,00,05,09,0,0,0,0,0,0,0,0000,0000,0000,01
325,325,0,1,122d,00,00,05,0,00,00,05,09,0,0,0,0,0,0,0,0000,0000,0000,01
326,326,0,1,122e,00,00,05,0,00,00,05,09,0,0,0,0,0,0,0,0000,0000,0000,01
327,327,0,1,122f,00,00,05,0,00,00,05,09,0,0,0,0,0,0,0,0000,0000,0000,01
328,328,0,1,1230,00,00,05,0,00,00,05,09,0,0,0,0,0,0,0,0000,0000,0000,01
329,329,0,1,1231,00,00,05,0,00,00,05,09,0,0,0,0,0,0,0,0000,0000,0000,01
330,330,0,1,1232,00,00,05,0,00,00,05,09,0,0,0,0,0,0,0,0000,0000,0000,01
331,331,0,1,1233,00,00,05,0,00,00,05,09,0,0,0,0,0,0,0,0000,0000,0000,01
332,332,0,1,1234,00,00,05,0,00,00,05,09,0,0,0,0,0,0,0,0000,0000,0000,01
333,333,0,1,1235,00,00,05,0,00,00,05,09,0,0,0,0,0,0,0,0000,0000,0000,01
334,334,0,1,1236,00,00,05,0,00,00,05,09,0,0,0,0,0,0,0,0000,0000,0000,01
335,335,0,1,1237,00,00,05,0,00,00,05,09,0,0,0,0,0,0,0,0000,0000,0000,01
336,336,0,1,1238,00,00,05,0,00,00,05,09,0,0,0,0,0,0,0,0000,0000,0000,01
337,337,0,1,1239,00,00,05,0,00,00,05,09,0,0,0,0,0,0,0,0000,0000,0000,01
338,338,0,1,123a,00,00,05,0,00,00,05,09,0,0,0,0,0,0,0,0000,0000,0000,01
339,339,0,1,123b,00,00,05,0,00,00,05,09,0,0,0,0,0,0,0,0000,0000,0000,01
340,340,0,1,123c,00,00,05,0,00,00,05,09,0,0,0,0,0,0,0,0000,0000,0000,01
341,341,0,1,123d,00,00,05,0,00,00,05,09,0,0,0,0,0,0,0,0000,0000,0000,01
342,342,0,1,123e,00,00,05,0,00,00,05,09,0,0,0,0,0,0,0,0000,0000,0000,01
343,343,0,1,123f,00,00,05,0,00,00,05,09,0,0,0,0,0,0,0,0000,0000,0000,01
344,344,0,1,1240,00,00,05,0,00,00,05,09,0,0,0,0,0,0,0,0000,0000,0000,01
345,345,0,1,1241,00,00,05,0,00,00,05,09,0,0,0,0,0,0,0,0000,0000,0000,01
346,346,0,1,1242,00,00,05,0,00,00,05,09,0,0,0,0,0,0,0,0000,0000,0000,01
347,347,0,1,1243,00,00,05,0,00,00,05,09,0,0,0,0,0,0,0,0000,0000,0000,01
348,348,0,1,1244,00,00,05,0,00,00,05,09,0,0,0,0,0,0,0,0000,0000,0000,01
349,349,0,1,1245,00,00,05,0,00,00,05,09,0,0,0,0,0,0,0,0000,0000,0000,01
350,350,0,1,1246,00,00,05,0,00,00,05,09,0,0,0,0,0,0,0,0000,0000,0000,01
351,351,0,1,1247,00,00,05,0,00,00,05,09,0,0,0,0,0,0,0,0000,0000,0000,01
352,352,0,1,1248,00,00,05,0,00,00,05,09,0,0,0,0,0,0,0,0000,0000,0000,01
353,353,0,1,1249,00,00,05,0,00,00,05,09,0,0,0,0,0,0,0,0000,0000,0000,01
354,354,0,1,124a,00,00,05,0,00,00,05,09,0,0,0,0,0,0,0,0000,0000,0000,01
355,355,0,1,124b,00,00,05,0,00,00,05,09,0,0,0,0,0,0,0,0000,0000,0000,01
356,356,0,1,124c,00,00,05,0,00,00,05,09,0,0,0,0,0,0,0,0000,0000,0000,01
357,357,0,1,124d,00,00,05,0,00,00,05,09,0,0,0,0,0,0,0,0000,0000,0000,01
358,358,0,1,124e,00,00,05,0,00,00,05,09,0,0,0,0,0,0,0,0000,0000,0000,01
359,359,0,1,124f,00,00,05,0,00,00,05,09,0,0,0,0,0,0,0,0000,0000,0000,01
360,360,0,1,1250,00,00,05,0,00,00,05,09,0,0,0,0,0,0,0,0000,0000,0000,01
361,361,0,1,1251,00,00,05,0,00,00,05,09,0,0,0,0,0,0,0,0000,0000,0000,01
362,362,0,1,1252,00,00,05,0,00,00,05,09,0,0,0,0,0,0,0,0000,0000,0000,01
363,363,0,1,1253,00,00,05,0,00,00,05,09,0,0,0,0,0,0,0,0000,0000,0000,01
364,364,0,1,1254,00,00,05,0,00,00,05,09,0,0,0,0,0,0,0,0000,0000,0000,01
365,365,0,1,1255,00,00,05,0,00,00,05,09,0,0,0,0,0,0,0,0000,0000,0000,01
366,366,0,1,1256,00,00,05,0,00,00,05,09,0,0,0,0,0,0,0,0000,0000,0000,01
367,367,0,1,1257,00,00,05,0,00,00,05,09,0,0,0,0,0,0,0,0000,0000,0000,01
368,368,0,1,1258,00,00,05,0,00,00,05,09,0,0,0,0,0,0,0,0000,0000,0000,01
369,369,0,1,1259,00,00,05,0,00,00,05,09,0,0,0,0,0,0,0,0000,0000,0000,01
370,370,0,1,125a,00,00,05,0,00,00,05,09,0,0,0,0,0,0,0,0000,0000,0000,01
371,371,0,1,125b,00,00,05,0,00,00,05,09,0,0,0,0,0,0,0,0000,0000,0000,01
372,372,0,1,125c,00,00,05,0,00,00,05,09,0,0,0,0,0,0,0,0000,0000,0000,01
373,373,0,1,125d,00,00,05,0,00,00,05,09,0,0,0,0,0,0,0,0000,0000,0000,01
374,374,0,1,125e,00,00,05,0,00,00,05,09,0,0,0,0,0,0,0,0000,0000,0000,01
375,375,0,1,125f,00,00,05,0,00,00,05,09,0,0,0,0,0,0,0,0000,0000,0000,01
376,376,0,1,1260,00,00,05,0,00,00,05,09,0,0,0,0,0,0,0,0000,0000,0000,01
377,377,0,1,1261,00,00,05,0,00,00,05,09,0,0,0,0,0,0,0,0000,0000,0000,01
378,378,0,1,1262,00,00,05,0,00,00,05,09,0,0,0,0,0,0,0,0000,0000,0000,01
379,379,0,1,1263,00,00,05,0,00,00,05,09,0,0,0,0,0,0,0,0000,0000,0000,01
380,380,0,1,1264,00,00,05,0,00,00,05,09,0,0,0,0,0,0,0,0000,0000,0000,01
381,381,0,1,1265,00,00,05,0,00,00,05,09,0,0,0,0,0,0,0,0000,0000,0000,01
382,382,0,1,1266,00,00,05,0,00,00,05,09,0,0,0,0,0,0,0,0000,0000,0000,01
383,383,0,1,1267,00,00,05,0,00,00,05,09,0,0,0,0,0,0,0,0000,0000,0000,01
384,384,0,1,1268,00,00,05,0,00,00,05,09,0,0,0,0,0,0,0,0000,0000,0000,01
385,385,0,1,1269,00,00,05,0,00,00,05,09,0,0,0,0,0,0,0,0000,0000,0000,01
386,386,0,1,126a,00,00,05,0,00,00,05,09,0,0,0,0,0,0,0,0000,0000,0000,01
387,387,0,1,126b,00,00,05,0,00,00,05,09,0,0,0,0,0,0,0,0000,0000,0000,01
388,388,0,1,126c,00,00,05,0,00,00,05,09,0,0,0,0,0,0,0,0000,0000,0000,01
389,389,0,1,126d,00,00,05,0,00,00,05,09,0,0,0,0,0,0,0,0000,0000,0000,01
390,390,0,1,126e,00,00,05,0,00,00,05,09,0,0,0,0,0,0,0,0000,0000,0000,01
391,391,0,1,126f,00,00,05,0,00,00,05,09,0,0,0,0,0,0,0,0000,0000,0000,01
392,392,0,1,1270,00,00,05,0,00,00,05,09,0,0,0,0,0,0,0,0000,0000,0000,01
393,393,0,1,1271,00,00,05,0,00,00,05,09,0,0,0,0,0,0,0,0000,0000,0000,01
394,394,0,1,1272,00,00,05,0,00,00,05,09,0,0,0,0,0,0,0,0000,0000,0000,01
395,395,0,1,1273,00,00,05,0,00,00,05,09,0,0,0,0,0,0,0,0000,0000,0000,01
396,396,0,1,1274,00,00,05,0,00,00,05,09,0,0,0,0,0,0,0,0000,0000,0000,01
397,397,0,1,1275,00,00,05,0,00,00,05,09,0,0,0,0,0,0,0,0000,0000,0000,01
398,398,0,1,1276,00,00,05,0,00,00,05,09,0,0,0,0,0,0,0,0000,0000,0000,01
399,399,0,1,1277,00,00,05,0,00,00,05,09,0,0,0,0,0,0,0,0000,0000,0000,01
400,400,0,1,1278,00,00,05,0,00,00,05,09,0,0,0,0,0,0,0,0000,0000,0000,01
401,401,0,1,1279,00,00,05,0,00,00,05,09,0,0,0,0,0,0,0,0000,0000,0000,01
402,402,0,1,127a,00,00,05,0,00,00,05,09,0,0,0,0,0,0,0,0000,0000,0000,01
403,403,0,1,127b,00,00,05,0,00,00,05,09,0,0,0,0,0,0,0,0000,0000,0000,01
404,404,0,1,127c,00,00,05,0,00,00,05,09,0,0,0,0,0,0,0,0000,0000,0000,01
405,405,0,1,127d,00,00,05,0,00,00,05,09,0,0,0,0,0,0,0,0000,0000,0000,01
406,406,0,1,127e,00,00,05,0,00,00,05,09,0,0,0,0,0,0,0,0000,0000,0000,01
407,407,0,1,127f,00,00,05,0,00,00,05,09,0,0,0,0,0,0,0,0000,0000,0000,01
408,408,0,1,1280,00,00,05,0,00,00,05,09,0,0,0,0,0,0,0,0000,0000,0000,01
409,409,0,1,1281,00,00,05,0,00,00,05,09,0,0,0,0,0,0,0,0000,0000,0000,01
410,410,0,1,1282,00,00,05,0,00,00,05,09,0,0,0,0,0,0,0,0000,0000,0000,01
411,411,0,1,1283,00,00,05,0,00,00,05,09,0,0,0,0,0,0,0,0000,0000,0000,01
412,412,0,1,1284,00,00,05,0,00,00,05,09,0,0,0,0,0,0,0,0000,0000,0000,01
413,413,0,1,1285,00,00,05,0,00,00,05,09,0,0,0,0,0,0,0,0000,0000,0000,01
414,414,0,1,1286,00,00,05,0,00,00,05,09,0,0,0,0,0,0,0,0000,0000,0000,01
415,415,0,1,1287,00,00,05,0,00,00,05,09,0,0,0,0,0,0,0,0000,0000,0000,01
416,416,0,1,1288,00,00,05,0,00,00,05,09,0,0,0,0,0,0,0,0000,0000,0000,01
417,417,0,1,1289,00,00,05,0,00,00,05,09,0,0,0,0,0,0,0,0000,0000,0000,01
418,418,0,1,128a,00,00,05,0,00,00,05,09,0,0,0,0,0,0,0,0000,0000,0000,01
419,419,0,1,128b,00,00,05,0,00,00,05,09,0,0,0,0,0,0,0,0000,0000,0000,01
420,420,0,1,128c,00,00,05,0,00,00,05,09,0,0,0,0,0,0,0,0000,0000,0000,01
421,421,0,1,128d,00,00,05,0,00,00,05,09,0,0,0,0,0,0,0,0000,0000,0000,01
422,422,0,1,128e,00,00,05,0,00,00,05,09,0,0,0,0,0,0,0,0000,0000,0000,01
423,423,0,1,128f,00,00,05,0,00,00,05,09,0,0,0,0,0,0,0,0000,0000,0000,01
424,424,0,1,1290,00,00,05,0,00,00,05,09,0,0,0,0,0,0,0,0000,0000,0000,01
425,425,0,1,1291,00,00,05,0,00,00,05,09,0,0,0,0,0,0,0,0000,0000,0000,01
426,426,0,1,1292,00,00,05,0,00,00,05,09,0,0,0,0,0,0,0,0000,0000,0000,01
427,427,0,1,1293,00,00,05,0,00,00,05,09,0,0,0,0,0,0,0,0000,0000,0000,01
428,428,0,1,1294,00,00,05,0,00,00,05,09,0,0,0,0,0,0,0,0000,0000,0000,01
429,429,0,1,1295,00,00,05,0,00,00,05,09,0,0,0,0,0,0,0,0000,0000,0000,01
430,430,0,1,1296,00,00,05,0,00,00,05,09,0,0,0,0,0,0,0,0000,0000,0000,01
431,431,0,1,1297,00,00,05,0,00,00,05,09,0,0,0,0,0,0,0,0000,0000,0000,01
432,432,0,1,1298,00,00,05,0,00,00,05,09,0,0,0,0,0,0,0,0000,0000,0000,01
433,433,0,1,1299,00,00,05,0,00,00,05,09,0,0,0,0,0,0,0,0000,0000,0000,01
434,434,0,1,129a,00,00,05,0,00,00,05,09,0,0,0,0,0,0,0,0000,0000,0000,01
435,435,0,1,129b,00,00,05,0,00,00,05,09,0,0,0,0,0,0,0,0000,0000,0000,01
436,436,0,1,129c,00,00,05,0,00,00,05,09,0,0,0,0,0,0,0,0000,0000,0000,01
437,437,0,1,129d,00,00,05,0,00,00,05,09,0,0,0,0,0,0,0,0000,0000,0000,01
438,438,0,1,129e,00,00,05,0,00,00,05,09,0,0,0,0,0,0,0,0000,0000,0000,01
439,439,0,1,129f,00,00,05,0,00,00,05,09,0,0,0,0,0,0,0,0000,0000,0000,01
440,440,0,1,12a0,00,00,05,0,00,00,05,09,0,0,0,0,0,0,0,0000,0000,0000,01
441,441,0,1,12a1,00,00,05,0,00,00,05,09,0,0,0,0,0,0,0,0000,0000,0000,01
442,442,0,1,12a2,00,00,05,0,00,00,05,09,0,0,0,0,0,0,0,0000,0000,0000,01
443,443,0,1,12a3,00,00,05,0,00,00,05,09,0,0,0,0,0,0,0,0000,0000,0000,01
444,444,0,1,12a4,00,00,05,0,00,00,05,09,0,0,0,0,0,0,0,0000,0000,0000,01
445,445,0,1,12a5,00,00,05,0,00,00,05,09,0,0,0,0,0,0,0,0000,0000,0000,01
446,446,0,1,12a6,00,00,05,0,00,00,05,09,0,0,0,0,0,0,0,0000,0000,0000,01
447,447,0,1,12a7,00,00,05,0,00,00,05,09,0,0,0,0,0,0,0,0000,0000,0000,01
448,448,0,1,12a8,00,00,05,0,00,00,05,09,0,0,0,0,0,0,0,0000,0000,0000,01
449,449,0,1,12a9,00,00,05,0,00,00,05,09,0,0,0,0,0,0,0,0000,0000,0000,01
450,450,0,1,12aa,00,00,05,0,00,00,05,09,0,0,0,0,0,0,0,0000,0000,0000,01
451,451,0,1,12ab,00,00,05,0,00,00,05,09,0,0,0,0,0,0,0,0000,0000,0000,01
452,452,0,1,12ac,00,00,05,0,00,00,05,09,0,0,0,0,0,0,0,0000,0000,0000,01
453,453,0,1,12ad,00,00,05,0,00,00,05,09,0,0,0,0,0,0,0,0000,0000,0000,01
454,454,0,1,12ae,00,00,05,0,00,00,05,09,0,0,0,0,0,0,0,0000,0000,0000,01
455,455,0,1,12af,00,00,05,0,00,00,05,09,0,0,0,0,0,0,0,0000,0000,0000,01
456,456,0,1,12b0,00,00,05,0,00,00,05,09,0,0,0,0,0,0,0,0000,0000,0000,01
457,457,0,1,12b1,00,00,05,0,00,00,05,09,0,0,0,0,0,0,0,0000,0000,0000,01
458,458,0,1,12b2,00,00,05,0,00,00,05,09,0,0,0,0,0,0,0,0000,0000,0000,01
459,459,0,1,12b3,00,00,05,0,00,00,05,09,0,0,0,0,0,0,0,0000,0000,0000,01
460,460,0,1,12b4,00,00,05,0,00,00,05,09,0,0,0,0,0,0,0,0000,0000,0000,01
461,461,0,1,12b5,00,00,05,0,00,00,05,09,0,0,0,0,0,0,0,0000,0000,0000,01
462,462,0,1,12b6,00,00,05,0,00,00,05,09,0,0,0,0,0,0,0,0000,0000,0000,01
463,463,0,1,12b7,00,00,05,0,00,00,05,09,0,0,0,0,0,0,0,0000,0000,0000,01
464,464,0,1,12b8,00,00,05,0,00,00,05,09,0,0,0,0,0,0,0,0000,0000,0000,01
465,465,0,1,12b9,00,00,05,0,00,00,05,09,0,0,0,0,0,0,0,0000,0000,0000,01
466,466,0,1,12ba,00,00,05,0,00,00,05,09,0,0,0,0,0,0,0,0000,0000,0000,01
467,467,0,1,12bb,00,00,05,0,00,00,05,09,0,0,0,0,0,0,0,0000,0000,0000,01
468,468,0,1,12bc,00,00,05,0,00,00,05,09,0,0,0,0,0,0,0,0000,0000,0000,01
469,469,0,1,12bd,00,00,05,0,00,00,05,09,0,0,0,0,0,0,0,0000,0000,0000,01
470,470,0,1,12be,00,00,05,0,00,00,05,09,0,0,0,0,0,0,0,0000,0000,0000,01
471,471,0,1,12bf,00,00,05,0,00,00,05,09,0,0,0,0,0,0,0,0000,0000,0000,01
472,472,0,1,12c0,00,00,05,0,00,00,05,09,0,0,0,0,0,0,0,0000,0000,0000,01
473,473,0,1,12c1,00,00,05,0,00,00,05,09,0,0,0,0,0,0,0,0000,0000,0000,01
474,474,0,1,12c2,00,00,05,0,00,00,05,09,0,0,0,0,0,0,0,0000,0000,0000,01
475,475,0,1,12c3,00,00,05,0,00,00,05,09,0,0,0,0,0,0,0,0000,0000,0000,01
476,476,0,1,12c4,00,00,05,0,00,00,05,09,0,0,0,0,0,0,0,0000,0000,0000,01
477,477,0,1,12c5,00,00,05,0,00,00,05,09,0,0,0,0,0,0,0,0000,0000,0000,01
478,478,0,1,12c6,00,00,05,0,00,00,05,09,0,0,0,0,0,0,0,0000,0000,0000,01
479,479,0,1,12c7,00,00,05,0,00,00,05,09,0,0,0,0,0,0,0,0000,0000,0000,01
480,480,0,1,12c8,00,00,05,0,00,00,05,09,0,0,0,0,0,0,0,0000,0000,0000,01
481,481,0,1,12c9,00,00,05,0,00,00,05,09,0,0,0,0,0,0,0,0000,0000,0000,01
482,482,0,1,12ca,00,00,05,0,00,00,05,09,0,0,0,0,0,0,0,0000,0000,0000,01
483,483,0,1,12cb,00,00,05,0,00,00,05,09,0,0,0,0,0,0,0,0000,0000,0000,01
484,484,0,1,12cc,00,00,05,0,00,00,05,09,0,0,0,0,0,0,0,0000,0000,0000,01
485,485,0,1,12cd,00,00,05,0,00,00,05,09,0,0,0,0,0,0,0,0000,0000,0000,01
486,486,0,1,12ce,00,00,05,0,00,00,05,09,0,0,0,0,0,0,0,0000,0000,0000,01
487,487,0,1,12cf,00,00,05,0,00,00,05,09,0,0,0,0,0,0,0,0000,0000,0000,01
488,488,0,1,12d0,00,00,05,0,00,00,05,09,0,0,0,0,0,0,0,0000,0000,0000,01
489,489,0,1,12d1,00,00,05,0,00,00,05,09,0,0,0,0,0,0,0,0000,0000,0000,01
490,490,0,1,12d2,00,00,05,0,00,00,05,09,0,0,0,0,0,0,0,0000,0000,0000,01
491,491,0,1,12d3,00,00,05,0,00,00,05,09,0,0,0,0,0,0,0,0000,0000,0000,01
492,492,0,1,12d4,00,00,05,0,00,00,05,09,0,0,0,0,0,0,0,0000,0000,0000,01
493,493,0,1,12d5,00,00,05,0,00,00,05,09,0,0,0,0,0,0,0,0000,0000,0000,01
494,494,0,1,12d6,00,00,05,0,00,00,05,09,0,0,0,0,0,0,0,0000,0000,0000,01
495,495,0,1,12d7,00,00,05,0,00,00,05,09,0,0,0,0,0,0,0,0000,0000,0000,01
496,496,0,1,12d8,00,00,05,0,00,00,05,09,0,0,0,0,0,0,0,0000,0000,0000,01
497,497,0,1,12d9,00,00,05,0,00,00,05,09,0,0,0,0,0,0,0,0000,0000,0000,01
498,498,0,1,12da,00,00,05,0,00,00,05,09,0,0,0,0,0,0,0,0000,0000,0000,01
499,499,0,1,12db,00,00,05,0,00,00,05,09,0,0,0,0,0,0,0,0000,0000,0000,01
500,500,0,1,12dc,00,00,05,0,00,00,05,09,0,0,0,0,0,0,0,0000,0000,0000,01
501,501,0,1,12dd,00,00,05,0,00,00,05,09,0,0,0,0,0,0,0,0000,0000,0000,01
502,502,0,1,12de,00,00,05,0,00,00,05,09,0,0,0,0,0,0,0,0000,0000,0000,01
503,503,0,1,12df,00,00,05,0,00,00,05,09,0,0,0,0,0,0,0,0000,0000,0000,01
504,504,0,1,12e0,00,00,05,0,00,00,05,09,0,0,0,0,0,0,0,0000,0000,0000,01
505,505,0,1,12e1,00,00,05,0,00,00,05,09,0,0,0,0,0,0,0,0000,0000,0000,01
506,506,0,1,12e2,00,00,05,0,00,00,05,09,0,0,0,0,0,0,0,0000,0000,0000,01
507,507,0,1,12e3,00,00,05,0,00,00,05,09,0,0,0,0,0,0,0,0000,0000,0000,01
508,508,0,1,12e4,00,00,05,0,00,00,05,09,0,0,0,0,0,0,0,0000,0000,0000,01
509,509,0,1,12e5,00,00,05,0,00,00,05,09,0,0,0,0,0,0,0,0000,0000,0000,01
510,510,0,1,12e6,00,00,05,0,00,00,05,09,0,0,0,0,0,0,0,0000,0000,0000,01
511,511,0,1,12e7,00,00,05,0,00,00,05,09,1,0,0,0,0,0,0,0000,0000,0000,01
512,512,1,1,12e8,00,00,05,0,00,00,05,09,0,1,0,0,0,0,0,0000,0000,0000,01
513,513,0,1,12e9,00,00,05,0,00,00,05,09,0,0,0,0,0,0,0,0000,0000,0000,81
514,514,0,1,12ea,00,00,05,0,00,00,05,09,0,0,0,0,0,0,0,0000,0000,0000,81
515,515,0,1,12eb,00,00,05,0,00,00,05,09,0,0,0,0,0,0,0,0000,0000,0000,81
516,516,0,1,12ec,00,00,05,0,00,00,05,09,0,0,0,0,0,0,0,0000,0000,0000,81
517,517,0,1,12ed,00,00,05,0,00,00,05,09,0,0,0,0,0,0,0,0000,0000,0000,81
518,518,0,1,12ee,00,00,05,0,00,00,05,09,0,0,0,0,0,0,0,0000,0000,0000,81
519,519,0,1,12ef,00,00,05,0,00,00,05,09,0,0,0,0,0,0,0,0000,0000,0000,81
520,520,0,1,12f0,00,00,05,0,00,00,05,09,0,0,0,0,0,0,0,0000,0000,0000,81
521,521,0,1,12f1,00,00,05,0,00,00,05,09,0,0,0,0,0,0,0,0000,0000,0000,81
522,522,0,1,12f2,00,00,05,0,00,00,05,09,0,0,0,0,0,0,0,0000,0000,0000,81
523,523,0,1,12f3,00,00,05,0,00,00,05,09,0,0,0,0,0,0,0,0000,0000,0000,81
524,524,0,1,12f4,00,00,05,0,00,00,05,09,0,0,0,0,0,0,0,0000,0000,0000,81
525,525,0,1,12f5,00,00,05,0,00,00,05,09,0,0,0,0,0,0,0,0000,0000,0000,81
526,526,0,1,12f6,00,00,05,0,00,00,05,09,0,0,0,0,0,0,0,0000,0000,0000,81
527,527,0,1,12f7,00,00,05,0,00,00,05,09,0,0,0,0,0,0,0,0000,0000,0000,81
528,528,0,1,12f8,00,00,05,0,00,00,05,09,0,0,0,0,0,0,0,0000,0000,0000,81
529,529,0,1,12f9,00,00,05,0,00,00,05,09,0,0,0,0,0,0,0,0000,0000,0000,81
530,530,0,1,12fa,00,00,05,0,00,00,05,09,0,0,0,0,0,0,0,0000,0000,0000,81
531,531,0,1,12fb,00,00,05,0,00,00,05,09,0,0,0,0,0,0,0,0000,0000,0000,81
532,532,0,1,12fc,00,00,05,0,00,00,05,09,0,0,0,0,0,0,0,0000,0000,0000,81
533,533,0,1,12fd,00,00,05,0,00,00,05,09,0,0,0,0,0,0,0,0000,0000,0000,81
534,534,0,1,12fe,00,00,05,0,00,00,05,09,0,0,0,0,0,0,0,0000,0000,0000,81
535,535,0,1,12ff,00,00,05,0,00,00,05,09,0,0,0,0,0,0,0,0000,0000,0000,81
536,536,0,1,1300,00,00,05,0,00,00,05,09,0,0,0,0,0,0,0,0000,0000,0000,81
537,537,0,1,1301,00,00,05,0,00,00,05,09,0,0,0,0,0,0,0,0000,0000,0000,81
538,538,0,1,1302,00,00,05,0,00,00,05,09,0,0,0,0,0,0,0,0000,0000,0000,81
539,539,0,1,1303,00,00,05,0,00,00,05,09,0,0,0,0,0,0,0,0000,0000,0000,81
540,540,0,1,1304,00,00,05,0,00,00,05,09,0,0,0,0,0,0,0,0000,0000,0000,81
541,541,0,1,1305,00,00,05,0,00,00,05,09,0,0,0,0,0,0,0,0000,0000,0000,81
542,542,0,1,1306,00,00,05,0,00,00,05,09,0,0,0,0,0,0,0,0000,0000,0000,81
543,543,0,1,1307,00,00,05,0,00,00,05,09,0,0,0,0,0,0,0,0000,0000,0000,81
544,544,0,1,1308,00,00,05,0,00,00,05,09,0,0,0,0,0,0,0,0000,0000,0000,81
545,545,0,1,1309,00,00,05,0,00,00,05,09,0,0,0,0,0,0,0,0000,0000,0000,81
546,546,0,1,130a,00,00,05,0,00,00,05,09,0,0,0,0,0,0,0,0000,0000,0000,81
547,547,0,1,130b,00,00,05,0,00,00,05,09,0,0,0,0,0,0,0,0000,0000,0000,81
548,548,0,1,130c,00,00,05,0,00,00,05,09,0,0,0,0,0,0,0,0000,0000,0000,81
549,549,0,1,130d,00,00,05,0,00,00,05,09,0,0,0,0,0,0,0,0000,0000,0000,81
550,550,0,1,130e,00,00,05,0,00,00,05,09,0,0,0,0,0,0,0,0000,0000,0000,81
551,551,0,1,130f,00,00,05,0,00,00,05,09,0,0,0,0,0,0,0,0000,0000,0000,81
552,552,0,1,1310,00,00,05,0,00,00,05,09,0,0,0,0,0,0,0,0000,0000,0000,81
553,553,0,1,1311,00,00,05,0,00,00,05,09,0,0,0,0,0,0,0,0000,0000,0000,81
554,554,0,1,1312,00,00,05,0,00,00,05,09,0,0,0,0,0,0,0,0000,0000,0000,81
555,555,0,1,1313,00,00,05,0,00,00,05,09,0,0,0,0,0,0,0,0000,0000,0000,81
556,556,0,1,1314,00,00,05,0,00,00,05,09,0,0,0,0,0,0,0,0000,0000,0000,81
557,557,0,1,1315,00,00,05,0,00,00,05,09,0,0,0,0,0,0,0,0000,0000,0000,81
558,558,0,1,1316,00,00,05,0,00,00,05,09,0,0,0,0,0,0,0,0000,0000,0000,81
559,559,0,1,1317,00,00,05,0,00,00,05,09,0,0,0,0,0,0,0,0000,0000,0000,81
560,560,0,1,1318,00,00,05,0,00,00,05,09,0,0,0,0,0,0,0,0000,0000,0000,81
561,561,0,1,1319,00,00,05,0,00,00,05,09,0,0,0,0,0,0,0,0000,0000,0000,81
562,562,0,1,131a,00,00,05,0,00,00,05,09,0,0,0,0,0,0,0,0000,0000,0000,81
563,563,0,1,131b,00,00,05,0,00,00,05,09,0,0,0,0,0,0,0,0000,0000,0000,81
564,564,0,1,131c,00,00,05,0,00,00,05,09,0,0,0,0,0,0,0,0000,0000,0000,81
565,565,0,1,131d,00,00,05,0,00,00,05,09,0,0,0,0,0,0,0,0000,0000,0000,81
566,566,0,1,131e,00,00,05,0,00,00,05,09,0,0,0,0,0,0,0,0000,0000,0000,81
567,567,0,1,131f,00,00,05,0,00,00,05,09,0,0,0,0,0,0,0,0000,0000,0000,81
568,568,0,1,1320,00,00,05,0,00,00,05,09,0,0,0,0,0,0,0,0000,0000,0000,81
569,569,0,1,1321,00,00,05,0,00,00,05,09,0,0,0,0,0,0,0,0000,0000,0000,81
570,570,0,1,1322,00,00,05,0,00,00,05,09,0,0,0,0,0,0,0,0000,0000,0000,81
571,571,0,1,1323,00,00,05,0,00,00,05,09,0,0,0,0,0,0,0,0000,0000,0000,81
572,572,0,1,1324,00,00,05,0,00,00,05,09,0,0,0,0,0,0,0,0000,0000,0000,81
573,573,0,1,1325,00,00,05,0,00,00,05,09,0,0,0,0,0,0,0,0000,0000,0000,81
574,574,0,1,1326,00,00,05,0,00,00,05,09,0,0,0,0,0,0,0,0000,0000,0000,81
575,575,0,1,1327,00,00,05,0,00,00,05,09,0,0,0,0,0,0,0,0000,0000,0000,81
576,576,0,1,1328,00,00,05,0,00,00,05,09,0,0,0,0,0,0,0,0000,0000,0000,81
577,577,0,1,1329,00,00,05,0,00,00,05,09,0,0,0,0,0,0,0,0000,0000,0000,81
578,578,0,1,132a,00,00,05,0,00,00,05,09,0,0,0,0,0,0,0,0000,0000,0000,81
579,579,0,1,132b,00,00,05,0,00,00,05,09,0,0,0,0,0,0,0,0000,0000,0000,81
580,580,0,1,132c,00,00,05,0,00,00,05,09,0,0,0,0,0,0,0,0000,0000,0000,81
581,581,0,1,132d,00,00,05,0,00,00,05,09,0,0,0,0,0,0,0,0000,0000,0000,81
582,582,0,1,132e,00,00,05,0,00,00,05,09,0,0,0,0,0,0,0,0000,0000,0000,81
583,583,0,1,132f,00,00,05,0,00,00,05,09,0,0,0,0,0,0,0,0000,0000,0000,81
584,584,0,1,1330,00,00,05,0,00,00,05,09,0,0,0,0,0,0,0,0000,0000,0000,81
585,585,0,1,1331,00,00,05,0,00,00,05,09,0,0,0,0,0,0,0,0000,0000,0000,81
586,586,0,1,1332,00,00,05,0,00,00,05,09,0,0,0,0,0,0,0,0000,0000,0000,81
587,587,0,1,1333,00,00,05,0,00,00,05,09,0,0,0,0,0,0,0,0000,0000,0000,81
588,588,0,1,1334,00,00,05,0,00,00,05,09,0,0,0,0,0,0,0,0000,0000,0000,81
589,589,0,1,1335,00,00,05,0,00,00,05,09,0,0,0,0,0,0,0,0000,0000,0000,81
590,590,0,1,1336,00,00,05,0,00,00,05,09,0,0,0,0,0,0,0,0000,0000,0000,81
591,591,0,1,1337,00,00,05,0,00,00,05,09,0,0,0,0,0,0,0,0000,0000,0000,81
592,592,0,1,1338,00,00,05,0,00,00,05,09,0,0,0,0,0,0,0,0000,0000,0000,81
593,593,0,1,1339,00,00,05,0,00,00,05,09,0,0,0,0,0,0,0,0000,0000,0000,81
594,594,0,1,133a,00,00,05,0,00,00,05,09,0,0,0,0,0,0,0,0000,0000,0000,81
595,595,0,1,133b,00,00,05,0,00,00,05,09,0,0,0,0,0,0,0,0000,0000,0000,81
596,596,0,1,133c,00,00,05,0,00,00,05,09,0,0,0,0,0,0,0,0000,0000,0000,81
597,597,0,1,133d,00,00,05,0,00,00,05,09,0,0,0,0,0,0,0,0000,0000,0000,81
598,598,0,1,133e,00,00,05,0,00,00,05,09,0,0,0,0,0,0,0,0000,0000,0000,81
599,599,0,1,133f,00,00,05,0,00,00,05,09,0,0,0,0,0,0,0,0000,0000,0000,81
600,600,0,1,1340,00,00,05,0,00,00,05,09,0,0,0,0,0,0,0,0000,0000,0000,81
601,601,0,1,1341,00,00,05,0,00,00,05,09,0,0,0,0,0,0,0,0000,0000,0000,81
602,602,0,1,1342,00,00,05,0,00,00,05,09,0,0,0,0,0,0,0,0000,0000,0000,81
603,603,0,1,1343,00,00,05,0,00,00,05,09,0,0,0,0,0,0,0,0000,0000,0000,81
604,604,0,1,1344,00,00,05,0,00,00,05,09,0,0,0,0,0,0,0,0000,0000,0000,81
605,605,0,1,1345,00,00,05,0,00,00,05,09,0,0,0,0,0,0,0,0000,0000,0000,81
606,606,0,1,1346,00,00,05,0,00,00,05,09,0,0,0,0,0,0,0,0000,0000,0000,81
607,607,0,1,1347,00,00,05,0,00,00,05,09,0,0,0,0,0,0,0,0000,0000,0000,81
608,608,0,1,1348,00,00,05,0,00,00,05,09,0,0,0,0,0,0,0,0000,0000,0000,81
609,609,0,1,1349,00,00,05,0,00,00,05,09,0,0,0,0,0,0,0,0000,0000,0000,81
610,610,0,1,134a,00,00,05,0,00,00,05,09,0,0,0,0,0,0,0,0000,0000,0000,81
611,611,0,1,134b,00,00,05,0,00,00,05,09,0,0,0,0,0,0,0,0000,0000,0000,81
612,612,0,1,134c,00,00,05,0,00,00,05,09,0,0,0,0,0,0,0,0000,0000,0000,81
613,613,0,1,134d,00,00,05,0,00,00,05,09,0,0,0,0,0,0,0,0000,0000,0000,81
614,614,0,1,134e,00,00,05,0,00,00,05,09,0,0,0,0,0,0,0,0000,0000,0000,81
615,615,0,1,134f,00,00,05,0,00,00,05,09,0,0,0,0,0,0,0,0000,0000,0000,81
616,616,0,1,1350,00,00,05,0,00,00,05,09,0,0,0,0,0,0,0,0000,0000,0000,81
617,617,0,1,1351,00,00,05,0,00,00,05,09,0,0,0,0,0,0,0,0000,0000,0000,81
618,618,0,1,1352,00,00,05,0,00,00,05,09,0,0,0,0,0,0,0,0000,0000,0000,81
619,619,0,1,1353,00,00,05,0,00,00,05,09,0,0,0,0,0,0,0,0000,0000,0000,81
620,620,0,1,1354,00,00,05,0,00,00,05,09,0,0,0,0,0,0,0,0000,0000,0000,81
621,621,0,1,1355,00,00,05,0,00,00,05,09,0,0,0,0,0,0,0,0000,0000,0000,81
622,622,0,1,1356,00,00,05,0,00,00,05,09,0,0,0,0,0,0,0,0000,0000,0000,81
623,623,0,1,1357,00,00,05,0,00,00,05,09,0,0,0,0,0,0,0,0000,0000,0000,81
624,624,0,1,1358,00,00,05,0,00,00,05,09,0,0,0,0,0,0,0,0000,0000,0000,81
625,625,0,1,1359,00,00,05,0,00,00,05,09,0,0,0,0,0,0,0,0000,0000,0000,81
626,626,0,1,135a,00,00,05,0,00,00,05,09,0,0,0,0,0,0,0,0000,0000,0000,81
627,627,0,1,135b,00,00,05,0,00,00,05,09,0,0,0,0,0,0,0,0000,0000,0000,81
628,628,0,1,135c,00,00,05,0,00,00,05,09,0,0,0,0,0,0,0,0000,0000,0000,81
629,629,0,1,135d,00,00,05,0,00,00,05,09,0,0,0,0,0,0,0,0000,0000,0000,81
630,630,0,1,135e,00,00,05,0,00,00,05,09,0,0,0,0,0,0,0,0000,0000,0000,81
631,631,0,1,135f,00,00,05,0,00,00,05,09,0,0,0,0,0,0,0,0000,0000,0000,81
632,632,0,1,1360,00,00,05,0,00,00,05,09,0,0,0,0,0,0,0,0000,0000,0000,81
633,633,0,1,1361,00,00,05,0,00,00,05,09,0,0,0,0,0,0,0,0000,0000,0000,81
634,634,0,1,1362,00,00,05,0,00,00,05,09,0,0,0,0,0,0,0,0000,0000,0000,81
635,635,0,1,1363,00,00,05,0,00,00,05,09,0,0,0,0,0,0,0,0000,0000,0000,81
636,636,0,1,1364,00,00,05,0,00,00,05,09,0,0,0,0,0,0,0,0000,0000,0000,81
637,637,0,1,1365,00,00,05,0,00,00,05,09,0,0,0,0,0,0,0,0000,0000,0000,81
638,638,0,1,1366,00,00,05,0,00,00,05,09,0,0,0,0,0,0,0,0000,0000,0000,81
639,639,0,1,1367,00,00,05,0,00,00,05,09,0,0,0,0,0,0,0,0000,0000,0000,81
640,640,0,1,1368,00,00,05,0,00,00,05,09,0,0,0,0,0,0,0,0000,0000,0000,81
641,641,0,1,1369,00,00,05,0,00,00,05,09,0,0,0,0,0,0,0,0000,0000,0000,81
642,642,0,1,136a,00,00,05,0,00,00,05,09,0,0,0,0,0,0,0,0000,0000,0000,81
643,643,0,1,136b,00,00,05,0,00,00,05,09,0,0,0,0,0,0,0,0000,0000,0000,81
644,644,0,1,136c,00,00,05,0,00,00,05,09,0,0,0,0,0,0,0,0000,0000,0000,81
645,645,0,1,136d,00,00,05,0,00,00,05,09,0,0,0,0,0,0,0,0000,0000,0000,81
646,646,0,1,136e,00,00,05,0,00,00,05,09,0,0,0,0,0,0,0,0000,0000,0000,81
647,647,0,1,136f,00,00,05,0,00,00,05,09,0,0,0,0,0,0,0,0000,0000,0000,81
648,648,0,1,1370,00,00,05,0,00,00,05,09,0,0,0,0,0,0,0,0000,0000,0000,81
649,649,0,1,1371,00,00,05,0,00,00,05,09,0,0,0,0,0,0,0,0000,0000,0000,81
650,650,0,1,1372,00,00,05,0,00,00,05,09,0,0,0,0,0,0,0,0000,0000,0000,81
651,651,0,1,1373,00,00,05,0,00,00,05,09,0,0,0,0,0,0,0,0000,0000,0000,81
652,652,0,1,1374,00,00,05,0,00,00,05,09,0,0,0,0,0,0,0,0000,0000,0000,81
653,653,0,1,1375,00,00,05,0,00,00,05,09,0,0,0,0,0,0,0,0000,0000,0000,81
654,654,0,1,1376,00,00,05,0,00,00,05,09,0,0,0,0,0,0,0,0000,0000,0000,81
655,655,0,1,1377,00,00,05,0,00,00,05,09,0,0,0,0,0,0,0,0000,0000,0000,81
656,656,0,1,1378,00,00,05,0,00,00,05,09,0,0,0,0,0,0,0,0000,0000,0000,81
657,657,0,1,1379,00,00,05,0,00,00,05,09,0,0,0,0,0,0,0,0000,0000,0000,81
658,658,0,1,137a,00,00,05,0,00,00,05,09,0,0,0,0,0,0,0,0000,0000,0000,81
659,659,0,1,137b,00,00,05,0,00,00,05,09,0,0,0,0,0,0,0,0000,0000,0000,81
660,660,0,1,137c,00,00,05,0,00,00,05,09,0,0,0,0,0,0,0,0000,0000,0000,81
661,661,0,1,137d,00,00,05,0,00,00,05,09,0,0,0,0,0,0,0,0000,0000,0000,81
662,662,0,1,137e,00,00,05,0,00,00,05,09,0,0,0,0,0,0,0,0000,0000,0000,81
663,663,0,1,137f,00,00,05,0,00,00,05,09,0,0,0,0,0,0,0,0000,0000,0000,81
664,664,0,1,1380,00,00,05,0,00,00,05,09,0,0,0,0,0,0,0,0000,0000,0000,81
665,665,0,1,1381,00,00,05,0,00,00,05,09,0,0,0,0,0,0,0,0000,0000,0000,81
666,666,0,1,1382,00,00,05,0,00,00,05,09,0,0,0,0,0,0,0,0000,0000,0000,81
667,667,0,1,1383,00,00,05,0,00,00,05,09,0,0,0,0,0,0,0,0000,0000,0000,81
668,668,0,1,1384,00,00,05,0,00,00,05,09,0,0,0,0,0,0,0,0000,0000,0000,81
669,669,0,1,1385,00,00,05,0,00,00,05,09,0,0,0,0,0,0,0,0000,0000,0000,81
670,670,0,1,1386,00,00,05,0,00,00,05,09,0,0,0,0,0,0,0,0000,0000,0000,81
671,671,0,1,1387,00,00,05,0,00,00,05,09,0,0,0,0,0,0,0,0000,0000,0000,81
672,672,0,1,1388,00,00,05,0,00,00,05,09,0,0,0,0,0,0,0,0000,0000,0000,81
673,673,0,1,1389,00,00,05,0,00,00,05,09,0,0,0,0,0,0,0,0000,0000,0000,81
674,674,0,1,138a,00,00,05,0,00,00,05,09,0,0,0,0,0,0,0,0000,0000,0000,81
675,675,0,1,138b,00,00,05,0,00,00,05,09,0,0,0,0,0,0,0,0000,0000,0000,81
676,676,0,1,138c,00,00,05,0,00,00,05,09,0,0,0,0,0,0,0,0000,0000,0000,81
677,677,0,1,138d,00,00,05,0,00,00,05,09,0,0,0,0,0,0,0,0000,0000,0000,81
678,678,0,1,138e,00,00,05,0,00,00,05,09,0,0,0,0,0,0,0,0000,0000,0000,81
679,679,0,1,138f,00,00,05,0,00,00,05,09,0,0,0,0,0,0,0,0000,0000,0000,81
680,680,0,1,1390,00,00,05,0,00,00,05,09,0,0,0,0,0,0,0,0000,0000,0000,81
681,681,0,1,1391,00,00,05,0,00,00,05,09,0,0,0,0,0,0,0,0000,0000,0000,81
682,682,0,1,1392,00,00,05,0,00,00,05,09,0,0,0,0,0,0,0,0000,0000,0000,81
683,683,0,1,1393,00,00,05,0,00,00,05,09,0,0,0,0,0,0,0,0000,0000,0000,81
684,684,0,1,1394,00,00,05,0,00,00,05,09,0,0,0,0,0,0,0,0000,0000,0000,81
685,685,0,1,1395,00,00,05,0,00,00,05,09,0,0,0,0,0,0,0,0000,0000,0000,81
686,686,0,1,1396,00,00,05,0,00,00,05,09,0,0,0,0,0,0,0,0000,0000,0000,81
687,687,0,1,1397,00,00,05,0,00,00,05,09,0,0,0,0,0,0,0,0000,0000,0000,81
688,688,0,1,1398,00,00,05,0,00,00,05,09,0,0,0,0,0,0,0,0000,0000,0000,81
689,689,0,1,1399,00,00,05,0,00,00,05,09,0,0,0,0,0,0,0,0000,0000,0000,81
690,690,0,1,139a,00,00,05,0,00,00,05,09,0,0,0,0,0,0,0,0000,0000,0000,81
691,691,0,1,139b,00,00,05,0,00,00,05,09,0,0,0,0,0,0,0,0000,0000,0000,81
692,692,0,1,139c,00,00,05,0,00,00,05,09,0,0,0,0,0,0,0,0000,0000,0000,81
693,693,0,1,139d,00,00,05,0,00,00,05,09,0,0,0,0,0,0,0,0000,0000,0000,81
694,694,0,1,139e,00,00,05,0,00,00,05,09,0,0,0,0,0,0,0,0000,0000,0000,81
695,695,0,1,139f,00,00,05,0,00,00,05,09,0,0,0,0,0,0,0,0000,0000,0000,81
696,696,0,1,13a0,00,00,05,0,00,00,05,09,0,0,0,0,0,0,0,0000,0000,0000,81
697,697,0,1,13a1,00,00,05,0,00,00,05,09,0,0,0,0,0,0,0,0000,0000,0000,81
698,698,0,1,13a2,00,00,05,0,00,00,05,09,0,0,0,0,0,0,0,0000,0000,0000,81
699,699,0,1,13a3,00,00,05,0,00,00,05,09,0,0,0,0,0,0,0,0000,0000,0000,81
700,700,0,1,13a4,00,00,05,0,00,00,05,09,0,0,0,0,0,0,0,0000,0000,0000,81
701,701,0,1,13a5,00,00,05,0,00,00,05,09,0,0,0,0,0,0,0,0000,0000,0000,81
702,702,0,1,13a6,00,00,05,0,00,00,05,09,0,0,0,0,0,0,0,0000,0000,0000,81
703,703,0,1,13a7,00,00,05,0,00,00,05,09,0,0,0,0,0,0,0,0000,0000,0000,81
704,704,0,1,13a8,00,00,05,0,00,00,05,09,0,0,0,0,0,0,0,0000,0000,0000,81
705,705,0,1,13a9,00,00,05,0,00,00,05,09,0,0,0,0,0,0,0,0000,0000,0000,81
706,706,0,1,13aa,00,00,05,0,00,00,05,09,0,0,0,0,0,0,0,0000,0000,0000,81
707,707,0,1,13ab,00,00,05,0,00,00,05,09,0,0,0,0,0,0,0,0000,0000,0000,81
708,708,0,1,13ac,00,00,05,0,00,00,05,09,0,0,0,0,0,0,0,0000,0000,0000,81
709,709,0,1,13ad,00,00,05,0,00,00,05,09,0,0,0,0,0,0,0,0000,0000,0000,81
710,710,0,1,13ae,00,00,05,0,00,00,05,09,0,0,0,0,0,0,0,0000,0000,0000,81
711,711,0,1,13af,00,00,05,0,00,00,05,09,0,0,0,0,0,0,0,0000,0000,0000,81
712,712,0,1,13b0,00,00,05,0,00,00,05,09,0,0,0,0,0,0,0,0000,0000,0000,81
713,713,0,1,13b1,00,00,05,0,00,00,05,09,0,0,0,0,0,0,0,0000,0000,0000,81
714,714,0,1,13b2,00,00,05,0,00,00,05,09,0,0,0,0,0,0,0,0000,0000,0000,81
715,715,0,1,13b3,00,00,05,0,00,00,05,09,0,0,0,0,0,0,0,0000,0000,0000,81
716,716,0,1,13b4,00,00,05,0,00,00,05,09,0,0,0,0,0,0,0,0000,0000,0000,81
717,717,0,1,13b5,00,00,05,0,00,00,05,09,0,0,0,0,0,0,0,0000,0000,0000,81
718,718,0,1,13b6,00,00,05,0,00,00,05,09,0,0,0,0,0,0,0,0000,0000,0000,81
719,719,0,1,13b7,00,00,05,0,00,00,05,09,0,0,0,0,0,0,0,0000,0000,0000,81
720,720,0,1,13b8,00,00,05,0,00,00,05,09,0,0,0,0,0,0,0,0000,0000,0000,81
721,721,0,1,13b9,00,00,05,0,00,00,05,09,0,0,0,0,0,0,0,0000,0000,0000,81
722,722,0,1,13ba,00,00,05,0,00,00,05,09,0,0,0,0,0,0,0,0000,0000,0000,81
723,723,0,1,13bb,00,00,05,0,00,00,05,09,0,0,0,0,0,0,0,0000,0000,0000,81
724,724,0,1,13bc,00,00,05,0,00,00,05,09,0,0,0,0,0,0,0,0000,0000,0000,81
725,725,0,1,13bd,00,00,05,0,00,00,05,09,0,0,0,0,0,0,0,0000,0000,0000,81
726,726,0,1,13be,00,00,05,0,00,00,05,09,0,0,0,0,0,0,0,0000,0000,0000,81
727,727,0,1,13bf,00,00,05,0,00,00,05,09,0,0,0,0,0,0,0,0000,0000,0000,81
728,728,0,1,13c0,00,00,05,0,00,00,05,09,0,0,0,0,0,0,0,0000,0000,0000,81
729,729,0,1,13c1,00,00,05,0,00,00,05,09,0,0,0,0,0,0,0,0000,0000,0000,81
730,730,0,1,13c2,00,00,05,0,00,00,05,09,0,0,0,0,0,0,0,0000,0000,0000,81
731,731,0,1,13c3,00,00,05,0,00,00,05,09,0,0,0,0,0,0,0,0000,0000,0000,81
732,732,0,1,13c4,00,00,05,0,00,00,05,09,0,0,0,0,0,0,0,0000,0000,0000,81
733,733,0,1,13c5,00,00,05,0,00,00,05,09,0,0,0,0,0,0,0,0000,0000,0000,81
734,734,0,1,13c6,00,00,05,0,00,00,05,09,0,0,0,0,0,0,0,0000,0000,0000,81
735,735,0,1,13c7,00,00,05,0,00,00,05,09,0,0,0,0,0,0,0,0000,0000,0000,81
736,736,0,1,13c8,00,00,05,0,00,00,05,09,0,0,0,0,0,0,0,0000,0000,0000,81
737,737,0,1,13c9,00,00,05,0,00,00,05,09,0,0,0,0,0,0,0,0000,0000,0000,81
738,738,0,1,13ca,00,00,05,0,00,00,05,09,0,0,0,0,0,0,0,0000,0000,0000,81
739,739,0,1,13cb,00,00,05,0,00,00,05,09,0,0,0,0,0,0,0,0000,0000,0000,81
740,740,0,1,13cc,00,00,05,0,00,00,05,09,0,0,0,0,0,0,0,0000,0000,0000,81
741,741,0,1,13cd,00,00,05,0,00,00,05,09,0,0,0,0,0,0,0,0000,0000,0000,81
742,742,0,1,13ce,00,00,05,0,00,00,05,09,0,0,0,0,0,0,0,0000,0000,0000,81
743,743,0,1,13cf,00,00,05,0,00,00,05,09,0,0,0,0,0,0,0,0000,0000,0000,81
744,744,0,1,13d0,00,00,05,0,00,00,05,09,0,0,0,0,0,0,0,0000,0000,0000,81
745,745,0,1,13d1,00,00,05,0,00,00,05,09,0,0,0,0,0,0,0,0000,0000,0000,81
746,746,0,1,13d2,00,00,05,0,00,00,05,09,0,0,0,0,0,0,0,0000,0000,0000,81
747,747,0,1,13d3,00,00,05,0,00,00,05,09,0,0,0,0,0,0,0,0000,0000,0000,81
748,748,0,1,13d4,00,00,05,0,00,00,05,09,0,0,0,0,0,0,0,0000,0000,0000,81
749,749,0,1,13d5,00,00,05,0,00,00,05,09,0,0,0,0,0,0,0,0000,0000,0000,81
750,750,0,1,13d6,00,00,05,0,00,00,05,09,0,0,0,0,0,0,0,0000,0000,0000,81
751,751,0,1,13d7,00,00,05,0,00,00,05,09,0,0,0,0,0,0,0,0000,0000,0000,81
752,752,0,1,13d8,00,00,05,0,00,00,05,09,0,0,0,0,0,0,0,0000,0000,0000,81
753,753,0,1,13d9,00,00,05,0,00,00,05,09,0,0,0,0,0,0,0,0000,0000,0000,81
754,754,0,1,13da,00,00,05,0,00,00,05,09,0,0,0,0,0,0,0,0000,0000,0000,81
755,755,0,1,13db,00,00,05,0,00,00,05,09,0,0,0,0,0,0,0,0000,0000,0000,81
756,756,0,1,13dc,00,00,05,0,00,00,05,09,0,0,0,0,0,0,0,0000,0000,0000,81
757,757,0,1,13dd,00,00,05,0,00,00,05,09,0,0,0,0,0,0,0,0000,0000,0000,81
758,758,0,1,13de,00,00,05,0,00,00,05,09,0,0,0,0,0,0,0,0000,0000,0000,81
759,759,0,1,13df,00,00,05,0,00,00,05,09,0,0,0,0,0,0,0,0000,0000,0000,81
760,760,0,1,13e0,00,00,05,0,00,00,05,09,0,0,0,0,0,0,0,0000,0000,0000,81
761,761,0,1,13e1,00,00,05,0,00,00,05,09,0,0,0,0,0,0,0,0000,0000,0000,81
762,762,0,1,13e2,00,00,05,0,00,00,05,09,0,0,0,0,0,0,0,0000,0000,0000,81
763,763,0,1,13e3,00,00,05,0,00,00,05,09,0,0,0,0,0,0,0,0000,0000,0000,81
764,764,0,1,13e4,00,00,05,0,00,00,05,09,0,0,0,0,0,0,0,0000,0000,0000,81
765,765,0,1,13e5,00,00,05,0,00,00,05,09,0,0,0,0,0,0,0,0000,0000,0000,81
766,766,0,1,13e6,00,00,05,0,00,00,05,09,0,0,0,0,0,0,0,0000,0000,0000,81
767,767,0,1,13e7,00,00,05,0,00,00,05,09,0,0,0,0,0,0,0,0000,0000,0000,81
768,768,0,1,13e8,00,00,05,0,00,00,05,09,0,0,0,0,0,0,0,0000,0000,0000,81
769,769,0,1,13e9,00,00,05,0,00,00,05,09,0,0,0,0,0,0,0,0000,0000,0000,81
770,770,0,1,13ea,00,00,05,0,00,00,05,09,0,0,0,0,0,0,0,0000,0000,0000,81
771,771,0,1,13eb,00,00,05,0,00,00,05,09,0,0,0,0,0,0,0,0000,0000,0000,81
772,772,0,1,13ec,00,00,05,0,00,00,05,09,0,0,0,0,0,0,0,0000,0000,0000,81
773,773,0,1,13ed,00,00,05,0,00,00,05,09,0,0,0,0,0,0,0,0000,0000,0000,81
774,774,0,1,13ee,00,00,05,0,00,00,05,09,0,0,0,0,0,0,0,0000,0000,0000,81
775,775,0,1,13ef,00,00,05,0,00,00,05,09,0,0,0,0,0,0,0,0000,0000,0000,81
776,776,0,1,13f0,00,00,05,0,00,00,05,09,0,0,0,0,0,0,0,0000,0000,0000,81
777,777,0,1,13f1,00,00,05,0,00,00,05,09,0,0,0,0,0,0,0,0000,0000,0000,81
778,778,0,1,13f2,00,00,05,0,00,00,05,09,0,0,0,0,0,0,0,0000,0000,0000,81
779,779,0,1,13f3,00,00,05,0,00,00,05,09,0,0,0,0,0,0,0,0000,0000,0000,81
780,780,0,1,13f4,00,00,05,0,00,00,05,09,0,0,0,0,0,0,0,0000,0000,0000,81
781,781,0,1,13f5,00,00,05,0,00,00,05,09,0,0,0,0,0,0,0,0000,0000,0000,81
782,782,0,1,13f6,00,00,05,0,00,00,05,09,0,0,0,0,0,0,0,0000,0000,0000,81
783,783,0,1,13f7,00,00,05,0,00,00,05,09,0,0,0,0,0,0,0,0000,0000,0000,81
784,784,0,1,13f8,00,00,05,0,00,00,05,09,0,0,0,0,0,0,0,0000,0000,0000,81
785,785,0,1,13f9,00,00,05,0,00,00,05,09,0,0,0,0,0,0,0,0000,0000,0000,81
786,786,0,1,13fa,00,00,05,0,00,00,05,09,0,0,0,0,0,0,0,0000,0000,0000,81
787,787,0,1,13fb,00,00,05,0,00,00,05,09,0,0,0,0,0,0,0,0000,0000,0000,81
788,788,0,1,13fc,00,00,05,0,00,00,05,09,0,0,0,0,0,0,0,0000,0000,0000,81
789,789,0,1,13fd,00,00,05,0,00,00,05,09,0,0,0,0,0,0,0,0000,0000,0000,81
790,790,0,1,13fe,00,00,05,0,00,00,05,09,0,0,0,0,0,0,0,0000,0000,0000,81
791,791,0,1,13ff,00,00,05,0,00,00,05,09,0,0,0,0,0,0,0,0000,0000,0000,81
792,792,0,1,1400,00,00,05,0,00,00,05,09,0,0,0,0,0,0,0,0000,0000,0000,81
793,793,0,1,1401,00,00,05,0,00,00,05,09,0,0,0,0,0,0,0,0000,0000,0000,81
794,794,0,1,1402,00,00,05,0,00,00,05,09,0,0,0,0,0,0,0,0000,0000,0000,81
795,795,0,1,1403,00,00,05,0,00,00,05,09,0,0,0,0,0,0,0,0000,0000,0000,81
796,796,0,1,1404,00,00,05,0,00,00,05,09,0,0,0,0,0,0,0,0000,0000,0000,81
797,797,0,1,1405,00,00,05,0,00,00,05,09,0,0,0,0,0,0,0,0000,0000,0000,81
798,798,0,1,1406,00,00,05,0,00,00,05,09,0,0,0,0,0,0,0,0000,0000,0000,81
799,799,0,1,1407,00,00,05,0,00,00,05,09,0,0,0,0,0,0,0,0000,0000,0000,81
800,800,0,1,1408,00,00,05,0,00,00,05,09,0,0,0,0,0,0,0,0000,0000,0000,81
801,801,0,1,1409,00,00,05,0,00,00,05,09,0,0,0,0,0,0,0,0000,0000,0000,81
802,802,0,1,140a,00,00,05,0,00,00,05,09,0,0,0,0,0,0,0,0000,0000,0000,81
803,803,0,1,140b,00,00,05,0,00,00,05,09,0,0,0,0,0,0,0,0000,0000,0000,81
804,804,0,1,140c,00,00,05,0,00,00,05,09,0,0,0,0,0,0,0,0000,0000,0000,81
805,805,0,1,140d,00,00,05,0,00,00,05,09,0,0,0,0,0,0,0,0000,0000,0000,81
806,806,0,1,140e,00,00,05,0,00,00,05,09,0,0,0,0,0,0,0,0000,0000,0000,81
807,807,0,1,140f,00,00,05,0,00,00,05,09,0,0,0,0,0,0,0,0000,0000,0000,81
808,808,0,1,1410,00,00,05,0,00,00,05,09,0,0,0,0,0,0,0,0000,0000,0000,81
809,809,0,1,1411,00,00,05,0,00,00,05,09,0,0,0,0,0,0,0,0000,0000,0000,81
810,810,0,1,1412,00,00,05,0,00,00,05,09,0,0,0,0,0,0,0,0000,0000,0000,81
811,811,0,1,1413,00,00,05,0,00,00,05,09,0,0,0,0,0,0,0,0000,0000,0000,81
812,812,0,1,1414,00,00,05,0,00,00,05,09,0,0,0,0,0,0,0,0000,0000,0000,81
813,813,0,1,1415,00,00,05,0,00,00,05,09,0,0,0,0,0,0,0,0000,0000,0000,81
814,814,0,1,1416,00,00,05,0,00,00,05,09,0,0,0,0,0,0,0,0000,0000,0000,81
815,815,0,1,1417,00,00,05,0,00,00,05,09,0,0,0,0,0,0,0,0000,0000,0000,81
816,816,0,1,1418,00,00,05,0,00,00,05,09,0,0,0,0,0,0,0,0000,0000,0000,81
817,817,0,1,1419,00,00,05,0,00,00,05,09,0,0,0,0,0,0,0,0000,0000,0000,81
818,818,0,1,141a,00,00,05,0,00,00,05,09,0,0,0,0,0,0,0,0000,0000,0000,81
819,819,0,1,141b,00,00,05,0,00,00,05,09,0,0,0,0,0,0,0,0000,0000,0000,81
820,820,0,1,141c,00,00,05,0,00,00,05,09,0,0,0,0,0,0,0,0000,0000,0000,81
821,821,0,1,141d,00,00,05,0,00,00,05,09,0,0,0,0,0,0,0,0000,0000,0000,81
822,822,0,1,141e,00,00,05,0,00,00,05,09,0,0,0,0,0,0,0,0000,0000,0000,81
823,823,0,1,141f,00,00,05,0,00,00,05,09,0,0,0,0,0,0,0,0000,0000,0000,81
824,824,0,1,1420,00,00,05,0,00,00,05,09,0,0,0,0,0,0,0,0000,0000,0000,81
825,825,0,1,1421,00,00,05,0,00,00,05,09,0,0,0,0,0,0,0,0000,0000,0000,81
826,826,0,1,1422,00,00,05,0,00,00,05,09,0,0,0,0,0,0,0,0000,0000,0000,81
827,827,0,1,1423,00,00,05,0,00,00,05,09,0,0,0,0,0,0,0,0000,0000,0000,81
828,828,0,1,1424,00,00,05,0,00,00,05,09,0,0,0,0,0,0,0,0000,0000,0000,81
829,829,0,1,1425,00,00,05,0,00,00,05,09,0,0,0,0,0,0,0,0000,0000,0000,81
830,830,0,1,1426,00,00,05,0,00,00,05,09,0,0,0,0,0,0,0,0000,0000,0000,81
831,831,0,1,1427,00,00,05,0,00,00,05,09,0,0,0,0,0,0,0,0000,0000,0000,81
832,832,0,1,1428,00,00,05,0,00,00,05,09,0,0,0,0,0,0,0,0000,0000,0000,81
833,833,0,1,1429,00,00,05,0,00,00,05,09,0,0,0,0,0,0,0,0000,0000,0000,81
834,834,0,1,142a,00,00,05,0,00,00,05,09,0,0,0,0,0,0,0,0000,0000,0000,81
835,835,0,1,142b,00,00,05,0,00,00,05,09,0,0,0,0,0,0,0,0000,0000,0000,81
836,836,0,1,142c,00,00,05,0,00,00,05,09,0,0,0,0,0,0,0,0000,0000,0000,81
837,837,0,1,142d,00,00,05,0,00,00,05,09,0,0,0,0,0,0,0,0000,0000,0000,81
838,838,0,1,142e,00,00,05,0,00,00,05,09,0,0,0,0,0,0,0,0000,0000,0000,81
839,839,0,1,142f,00,00,05,0,00,00,05,09,0,0,0,0,0,0,0,0000,0000,0000,81
840,840,0,1,1430,00,00,05,0,00,00,05,09,0,0,0,0,0,0,0,0000,0000,0000,81
841,841,0,1,1431,00,00,05,0,00,00,05,09,0,0,0,0,0,0,0,0000,0000,0000,81
842,842,0,1,1432,00,00,05,0,00,00,05,09,0,0,0,0,0,0,0,0000,0000,0000,81
843,843,0,1,1433,00,00,05,0,00,00,05,09,0,0,0,0,0,0,0,0000,0000,0000,81
844,844,0,1,1434,00,00,05,0,00,00,05,09,0,0,0,0,0,0,0,0000,0000,0000,81
845,845,0,1,1435,00,00,05,0,00,00,05,09,0,0,0,0,0,0,0,0000,0000,0000,81
846,846,0,1,1436,00,00,05,0,00,00,05,09,0,0,0,0,0,0,0,0000,0000,0000,81
847,847,0,1,1437,00,00,05,0,00,00,05,09,0,0,0,0,0,0,0,0000,0000,0000,81
848,848,0,1,1438,00,00,05,0,00,00,05,09,0,0,0,0,0,0,0,0000,0000,0000,81
849,849,0,1,1439,00,00,05,0,00,00,05,09,0,0,0,0,0,0,0,0000,0000,0000,81
850,850,0,1,143a,00,00,05,0,00,00,05,09,0,0,0,0,0,0,0,0000,0000,0000,81
851,851,0,1,143b,00,00,05,0,00,00,05,09,0,0,0,0,0,0,0,0000,0000,0000,81
852,852,0,1,143c,00,00,05,0,00,00,05,09,0,0,0,0,0,0,0,0000,0000,0000,81
853,853,0,1,143d,00,00,05,0,00,00,05,09,0,0,0,0,0,0,0,0000,0000,0000,81
854,854,0,1,143e,00,00,05,0,00,00,05,09,0,0,0,0,0,0,0,0000,0000,0000,81
855,855,0,1,143f,00,00,05,0,00,00,05,09,0,0,0,0,0,0,0,0000,0000,0000,81
856,856,0,1,1440,00,00,05,0,00,00,05,09,0,0,0,0,0,0,0,0000,0000,0000,81
857,857,0,1,1441,00,00,05,0,00,00,05,09,0,0,0,0,0,0,0,0000,0000,0000,81
858,858,0,1,1442,00,00,05,0,00,00,05,09,0,0,0,0,0,0,0,0000,0000,0000,81
859,859,0,1,1443,00,00,05,0,00,00,05,09,0,0,0,0,0,0,0,0000,0000,0000,81
860,860,0,1,1444,00,00,05,0,00,00,05,09,0,0,0,0,0,0,0,0000,0000,0000,81
861,861,0,1,1445,00,00,05,0,00,00,05,09,0,0,0,0,0,0,0,0000,0000,0000,81
862,862,0,1,1446,00,00,05,0,00,00,05,09,0,0,0,0,0,0,0,0000,0000,0000,81
863,863,0,1,1447,00,00,05,0,00,00,05,09,0,0,0,0,0,0,0,0000,0000,0000,81
864,864,0,1,1448,00,00,05,0,00,00,05,09,0,0,0,0,0,0,0,0000,0000,0000,81
865,865,0,1,1449,00,00,05,0,00,00,05,09,0,0,0,0,0,0,0,0000,0000,0000,81
866,866,0,1,144a,00,00,05,0,00,00,05,09,0,0,0,0,0,0,0,0000,0000,0000,81
867,867,0,1,144b,00,00,05,0,00,00,05,09,0,0,0,0,0,0,0,0000,0000,0000,81
868,868,0,1,144c,00,00,05,0,00,00,05,09,0,0,0,0,0,0,0,0000,0000,0000,81
869,869,0,1,144d,00,00,05,0,00,00,05,09,0,0,0,0,0,0,0,0000,0000,0000,81
870,870,0,1,144e,00,00,05,0,00,00,05,09,0,0,0,0,0,0,0,0000,0000,0000,81
871,871,0,1,144f,00,00,05,0,00,00,05,09,0,0,0,0,0,0,0,0000,0000,0000,81
872,872,0,1,1450,00,00,05,0,00,00,05,09,0,0,0,0,0,0,0,0000,0000,0000,81
873,873,0,1,1451,00,00,05,0,00,00,05,09,0,0,0,0,0,0,0,0000,0000,0000,81
874,874,0,1,1452,00,00,05,0,00,00,05,09,0,0,0,0,0,0,0,0000,0000,0000,81
875,875,0,1,1453,00,00,05,0,00,00,05,09,0,0,0,0,0,0,0,0000,0000,0000,81
876,876,0,1,1454,00,00,05,0,00,00,05,09,0,0,0,0,0,0,0,0000,0000,0000,81
877,877,0,1,1455,00,00,05,0,00,00,05,09,0,0,0,0,0,0,0,0000,0000,0000,81
878,878,0,1,1456,00,00,05,0,00,00,05,09,0,0,0,0,0,0,0,0000,0000,0000,81
879,879,0,1,1457,00,00,05,0,00,00,05,09,0,0,0,0,0,0,0,0000,0000,0000,81
880,880,0,1,1458,00,00,05,0,00,00,05,09,0,0,0,0,0,0,0,0000,0000,0000,81
881,881,0,1,1459,00,00,05,0,00,00,05,09,0,0,0,0,0,0,0,0000,0000,0000,81
882,882,0,1,145a,00,00,05,0,00,00,05,09,0,0,0,0,0,0,0,0000,0000,0000,81
883,883,0,1,145b,00,00,05,0,00,00,05,09,0,0,0,0,0,0,0,0000,0000,0000,81
884,884,0,1,145c,00,00,05,0,00,00,05,09,0,0,0,0,0,0,0,0000,0000,0000,81
885,885,0,1,145d,00,00,05,0,00,00,05,09,0,0,0,0,0,0,0,0000,0000,0000,81
886,886,0,1,145e,00,00,05,0,00,00,05,09,0,0,0,0,0,0,0,0000,0000,0000,81
887,887,0,1,145f,00,00,05,0,00,00,05,09,0,0,0,0,0,0,0,0000,0000,0000,81
888,888,0,1,1460,00,00,05,0,00,00,05,09,0,0,0,0,0,0,0,0000,0000,0000,81
889,889,0,1,1461,00,00,05,0,00,00,05,09,0,0,0,0,0,0,0,0000,0000,0000,81
890,890,0,1,1462,00,00,05,0,00,00,05,09,0,0,0,0,0,0,0,0000,0000,0000,81
891,891,0,1,1463,00,00,05,0,00,00,05,09,0,0,0,0,0,0,0,0000,0000,0000,81
892,892,0,1,1464,00,00,05,0,00,00,05,09,0,0,0,0,0,0,0,0000,0000,0000,81
893,893,0,1,1465,00,00,05,0,00,00,05,09,0,0,0,0,0,0,0,0000,0000,0000,81
894,894,0,1,1466,00,00,05,0,00,00,05,09,0,0,0,0,0,0,0,0000,0000,0000,81
895,895,0,1,1467,00,00,05,0,00,00,05,09,0,0,0,0,0,0,0,0000,0000,0000,81
896,896,0,1,1468,00,00,05,0,00,00,05,09,0,0,0,0,0,0,0,0000,0000,0000,81
897,897,0,1,1469,00,00,05,0,00,00,05,09,0,0,0,0,0,0,0,0000,0000,0000,81
898,898,0,1,146a,00,00,05,0,00,00,05,09,0,0,0,0,0,0,0,0000,0000,0000,81
899,899,0,1,146b,00,00,05,0,00,00,05,09,0,0,0,0,0,0,0,0000,0000,0000,81
900,900,0,1,146c,00,00,05,0,00,00,05,09,0,0,0,0,0,0,0,0000,0000,0000,81
901,901,0,1,146d,00,00,05,0,00,00,05,09,0,0,0,0,0,0,0,0000,0000,0000,81
902,902,0,1,146e,00,00,05,0,00,00,05,09,0,0,0,0,0,0,0,0000,0000,0000,81
903,903,0,1,146f,00,00,05,0,00,00,05,09,0,0,0,0,0,0,0,0000,0000,0000,81
904,904,0,1,1470,00,00,05,0,00,00,05,09,0,0,0,0,0,0,0,0000,0000,0000,81
905,905,0,1,1471,00,00,05,0,00,00,05,09,0,0,0,0,0,0,0,0000,0000,0000,81
906,906,0,1,1472,00,00,05,0,00,00,05,09,0,0,0,0,0,0,0,0000,0000,0000,81
907,907,0,1,1473,00,00,05,0,00,00,05,09,0,0,0,0,0,0,0,0000,0000,0000,81
908,908,0,1,1474,00,00,05,0,00,00,05,09,0,0,0,0,0,0,0,0000,0000,0000,81
909,909,0,1,1475,00,00,05,0,00,00,05,09,0,0,0,0,0,0,0,0000,0000,0000,81
910,910,0,1,1476,00,00,05,0,00,00,05,09,0,0,0,0,0,0,0,0000,0000,0000,81
911,911,0,1,1477,00,00,05,0,00,00,05,09,0,0,0,0,0,0,0,0000,0000,0000,81
912,912,0,1,1478,00,00,05,0,00,00,05,09,0,0,0,0,0,0,0,0000,0000,0000,81
913,913,0,1,1479,00,00,05,0,00,00,05,09,0,0,0,0,0,0,0,0000,0000,0000,81
914,914,0,1,147a,00,00,05,0,00,00,05,09,0,0,0,0,0,0,0,0000,0000,0000,81
915,915,0,1,147b,00,00,05,0,00,00,05,09,0,0,0,0,0,0,0,0000,0000,0000,81
916,916,0,1,147c,00,00,05,0,00,00,05,09,0,0,0,0,0,0,0,0000,0000,0000,81
917,917,0,1,147d,00,00,05,0,00,00,05,09,0,0,0,0,0,0,0,0000,0000,0000,81
918,918,0,1,147e,00,00,05,0,00,00,05,09,0,0,0,0,0,0,0,0000,0000,0000,81
919,919,0,1,147f,00,00,05,0,00,00,05,09,0,0,0,0,0,0,0,0000,0000,0000,81
920,920,0,1,1480,00,00,05,0,00,00,05,09,0,0,0,0,0,0,0,0000,0000,0000,81
921,921,0,1,1481,00,00,05,0,00,00,05,09,0,0,0,0,0,0,0,0000,0000,0000,81
922,922,0,1,1482,00,00,05,0,00,00,05,09,0,0,0,0,0,0,0,0000,0000,0000,81
923,923,0,1,1483,00,00,05,0,00,00,05,09,0,0,0,0,0,0,0,0000,0000,0000,81
924,924,0,1,1484,00,00,05,0,00,00,05,09,0,0,0,0,0,0,0,0000,0000,0000,81
925,925,0,1,1485,00,00,05,0,00,00,05,09,0,0,0,0,0,0,0,0000,0000,0000,81
926,926,0,1,1486,00,00,05,0,00,00,05,09,0,0,0,0,0,0,0,0000,0000,0000,81
927,927,0,1,1487,00,00,05,0,00,00,05,09,0,0,0,0,0,0,0,0000,0000,0000,81
928,928,0,1,1488,00,00,05,0,00,00,05,09,0,0,0,0,0,0,0,0000,0000,0000,81
929,929,0,1,1489,00,00,05,0,00,00,05,09,0,0,0,0,0,0,0,0000,0000,0000,81
930,930,0,1,148a,00,00,05,0,00,00,05,09,0,0,0,0,0,0,0,0000,0000,0000,81
931,931,0,1,148b,00,00,05,0,00,00,05,09,0,0,0,0,0,0,0,0000,0000,0000,81
932,932,0,1,148c,00,00,05,0,00,00,05,09,0,0,0,0,0,0,0,0000,0000,0000,81
933,933,0,1,148d,00,00,05,0,00,00,05,09,0,0,0,0,0,0,0,0000,0000,0000,81
934,934,0,1,148e,00,00,05,0,00,00,05,09,0,0,0,0,0,0,0,0000,0000,0000,81
935,935,0,1,148f,00,00,05,0,00,00,05,09,0,0,0,0,0,0,0,0000,0000,0000,81
936,936,0,1,1490,00,00,05,0,00,00,05,09,0,0,0,0,0,0,0,0000,0000,0000,81
937,937,0,1,1491,00,00,05,0,00,00,05,09,0,0,0,0,0,0,0,0000,0000,0000,81
938,938,0,1,1492,00,00,05,0,00,00,05,09,0,0,0,0,0,0,0,0000,0000,0000,81
939,939,0,1,1493,00,00,05,0,00,00,05,09,0,0,0,0,0,0,0,0000,0000,0000,81
940,940,0,1,1494,00,00,05,0,00,00,05,09,0,0,0,0,0,0,0,0000,0000,0000,81
941,941,0,1,1495,00,00,05,0,00,00,05,09,0,0,0,0,0,0,0,0000,0000,0000,81
942,942,0,1,1496,00,00,05,0,00,00,05,09,0,0,0,0,0,0,0,0000,0000,0000,81
943,943,0,1,1497,00,00,05,0,00,00,05,09,0,0,0,0,0,0,0,0000,0000,0000,81
944,944,0,1,1498,00,00,05,0,00,00,05,09,0,0,0,0,0,0,0,0000,0000,0000,81
945,945,0,1,1499,00,00,05,0,00,00,05,09,0,0,0,0,0,0,0,0000,0000,0000,81
946,946,0,1,149a,00,00,05,0,00,00,05,09,0,0,0,0,0,0,0,0000,0000,0000,81
947,947,0,1,149b,00,00,05,0,00,00,05,09,0,0,0,0,0,0,0,0000,0000,0000,81
948,948,0,1,149c,00,00,05,0,00,00,05,09,0,0,0,0,0,0,0,0000,0000,0000,81
949,949,0,1,149d,00,00,05,0,00,00,05,09,0,0,0,0,0,0,0,0000,0000,0000,81
950,950,0,1,149e,00,00,05,0,00,00,05,09,0,0,0,0,0,0,0,0000,0000,0000,81
951,951,0,1,149f,00,00,05,0,00,00,05,09,0,0,0,0,0,0,0,0000,0000,0000,81
952,952,0,1,14a0,00,00,05,0,00,00,05,09,0,0,0,0,0,0,0,0000,0000,0000,81
953,953,0,1,14a1,00,00,05,0,00,00,05,09,0,0,0,0,0,0,0,0000,0000,0000,81
954,954,0,1,14a2,00,00,05,0,00,00,05,09,0,0,0,0,0,0,0,0000,0000,0000,81
955,955,0,1,14a3,00,00,05,0,00,00,05,09,0,0,0,0,0,0,0,0000,0000,0000,81
956,956,0,1,14a4,00,00,05,0,00,00,05,09,0,0,0,0,0,0,0,0000,0000,0000,81
957,957,0,1,14a5,00,00,05,0,00,00,05,09,0,0,0,0,0,0,0,0000,0000,0000,81
958,958,0,1,14a6,00,00,05,0,00,00,05,09,0,0,0,0,0,0,0,0000,0000,0000,81
959,959,0,1,14a7,00,00,05,0,00,00,05,09,0,0,0,0,0,0,0,0000,0000,0000,81
960,960,0,1,14a8,00,00,05,0,00,00,05,09,0,0,0,0,0,0,0,0000,0000,0000,81
961,961,0,1,14a9,00,00,05,0,00,00,05,09,0,0,0,0,0,0,0,0000,0000,0000,81
962,962,0,1,14aa,00,00,05,0,00,00,05,09,0,0,0,0,0,0,0,0000,0000,0000,81
963,963,0,1,14ab,00,00,05,0,00,00,05,09,0,0,0,0,0,0,0,0000,0000,0000,81
964,964,0,1,14ac,00,00,05,0,00,00,05,09,0,0,0,0,0,0,0,0000,0000,0000,81
965,965,0,1,14ad,00,00,05,0,00,00,05,09,0,0,0,0,0,0,0,0000,0000,0000,81
966,966,0,1,14ae,00,00,05,0,00,00,05,09,0,0,0,0,0,0,0,0000,0000,0000,81
967,967,0,1,14af,00,00,05,0,00,00,05,09,0,0,0,0,0,0,0,0000,0000,0000,81
968,968,0,1,14b0,00,00,05,0,00,00,05,09,0,0,0,0,0,0,0,0000,0000,0000,81
969,969,0,1,14b1,00,00,05,0,00,00,05,09,0,0,0,0,0,0,0,0000,0000,0000,81
970,970,0,1,14b2,00,00,05,0,00,00,05,09,0,0,0,0,0,0,0,0000,0000,0000,81
971,971,0,1,14b3,00,00,05,0,00,00,05,09,0,0,0,0,0,0,0,0000,0000,0000,81
972,972,0,1,14b4,00,00,05,0,00,00,05,09,0,0,0,0,0,0,0,0000,0000,0000,81
973,973,0,1,14b5,00,00,05,0,00,00,05,09,0,0,0,0,0,0,0,0000,0000,0000,81
974,974,0,1,14b6,00,00,05,0,00,00,05,09,0,0,0,0,0,0,0,0000,0000,0000,81
975,975,0,1,14b7,00,00,05,0,00,00,05,09,0,0,0,0,0,0,0,0000,0000,0000,81
976,976,0,1,14b8,00,00,05,0,00,00,05,09,0,0,0,0,0,0,0,0000,0000,0000,81
977,977,0,1,14b9,00,00,05,0,00,00,05,09,0,0,0,0,0,0,0,0000,0000,0000,81
978,978,0,1,14ba,00,00,05,0,00,00,05,09,0,0,0,0,0,0,0,0000,0000,0000,81
979,979,0,1,14bb,00,00,05,0,00,00,05,09,0,0,0,0,0,0,0,0000,0000,0000,81
980,980,0,1,14bc,00,00,05,0,00,00,05,09,0,0,0,0,0,0,0,0000,0000,0000,81
981,981,0,1,14bd,00,00,05,0,00,00,05,09,0,0,0,0,0,0,0,0000,0000,0000,81
982,982,0,1,14be,00,00,05,0,00,00,05,09,0,0,0,0,0,0,0,0000,0000,0000,81
983,983,0,1,14bf,00,00,05,0,00,00,05,09,0,0,0,0,0,0,0,0000,0000,0000,81
984,984,0,1,14c0,00,00,05,0,00,00,05,09,0,0,0,0,0,0,0,0000,0000,0000,81
985,985,0,1,14c1,00,00,05,0,00,00,05,09,0,0,0,0,0,0,0,0000,0000,0000,81
986,986,0,1,14c2,00,00,05,0,00,00,05,09,0,0,0,0,0,0,0,0000,0000,0000,81
987,987,0,1,14c3,00,00,05,0,00,00,05,09,0,0,0,0,0,0,0,0000,0000,0000,81
988,988,0,1,14c4,00,00,05,0,00,00,05,09,0,0,0,0,0,0,0,0000,0000,0000,81
989,989,0,1,14c5,00,00,05,0,00,00,05,09,0,0,0,0,0,0,0,0000,0000,0000,81
990,990,0,1,14c6,00,00,05,0,00,00,05,09,0,0,0,0,0,0,0,0000,0000,0000,81
991,991,0,1,14c7,00,00,05,0,00,00,05,09,0,0,0,0,0,0,0,0000,0000,0000,81
992,992,0,1,14c8,00,00,05,0,00,00,05,09,0,0,0,0,0,0,0,0000,0000,0000,81
993,993,0,1,14c9,00,00,05,0,00,00,05,09,0,0,0,0,0,0,0,0000,0000,0000,81
994,994,0,1,14ca,00,00,05,0,00,00,05,09,0,0,0,0,0,0,0,0000,0000,0000,81
995,995,0,1,14cb,00,00,05,0,00,00,05,09,0,0,0,0,0,0,0,0000,0000,0000,81
996,996,0,1,14cc,00,00,05,0,00,00,05,09,0,0,0,0,0,0,0,0000,0000,0000,81
997,997,0,1,14cd,00,00,05,0,00,00,05,09,0,0,0,0,0,0,0,0000,0000,0000,81
998,998,0,1,14ce,00,00,05,0,00,00,05,09,0,0,0,0,0,0,0,0000,0000,0000,81
999,999,0,1,14cf,00,00,05,0,00,00,05,09,0,0,0,0,0,0,0,0000,0000,0000,81
1000,1000,0,1,14d0,00,00,05,0,00,00,05,09,0,0,0,0,0,0,0,0000,0000,0000,81
1001,1001,0,1,14d1,00,00,05,0,00,00,05,09,0,0,0,0,0,0,0,0000,0000,0000,81
1002,1002,0,1,14d2,00,00,05,0,00,00,05,09,0,0,0,0,0,0,0,0000,0000,0000,81
1003,1003,0,1,14d3,00,00,05,0,00,00,05,09,0,0,0,0,0,0,0,0000,0000,0000,81
1004,1004,0,1,14d4,00,00,05,0,00,00,05,09,0,0,0,0,0,0,0,0000,0000,0000,81
1005,1005,0,1,14d5,00,00,05,0,00,00,05,09,0,0,0,0,0,0,0,0000,0000,0000,81
1006,1006,0,1,14d6,00,00,05,0,00,00,05,09,0,0,0,0,0,0,0,0000,0000,0000,81
1007,1007,0,1,14d7,00,00,05,0,00,00,05,09,0,0,0,0,0,0,0,0000,0000,0000,81
1008,1008,0,1,14d8,00,00,05,0,00,00,05,09,0,0,0,0,0,0,0,0000,0000,0000,81
1009,1009,0,1,14d9,00,00,05,0,00,00,05,09,0,0,0,0,0,0,0,0000,0000,0000,81
1010,1010,0,1,14da,00,00,05,0,00,00,05,09,0,0,0,0,0,0,0,0000,0000,0000,81
1011,1011,0,1,14db,00,00,05,0,00,00,05,09,0,0,0,0,0,0,0,0000,0000,0000,81
1012,1012,0,1,14dc,00,00,05,0,00,00,05,09,0,0,0,0,0,0,0,0000,0000,0000,81
1013,1013,0,1,14dd,00,00,05,0,00,00,05,09,0,0,0,0,0,0,0,0000,0000,0000,81
1014,1014,0,1,14de,00,00,05,0,00,00,05,09,0,0,0,0,0,0,0,0000,0000,0000,81
1015,1015,0,1,14df,00,00,05,0,00,00,05,09,0,0,0,0,0,0,0,0000,0000,0000,81
1016,1016,0,1,14e0,00,00,05,0,00,00,05,09,0,0,0,0,0,0,0,0000,0000,0000,81
1017,1017,0,1,14e1,00,00,05,0,00,00,05,09,0,0,0,0,0,0,0,0000,0000,0000,81
1018,1018,0,1,14e2,00,00,05,0,00,00,05,09,0,0,0,0,0,0,0,0000,0000,0000,81
1019,1019,0,1,14e3,00,00,05,0,00,00,05,09,0,0,0,0,0,0,0,0000,0000,0000,81
1020,1020,0,1,14e4,00,00,05,0,00,00,05,09,0,0,0,0,0,0,0,0000,0000,0000,81
1021,1021,0,1,14e5,00,00,05,0,00,00,05,09,0,0,0,0,0,0,0,0000,0000,0000,81
1022,1022,0,1,14e6,00,00,05,0,00,00,05,09,0,0,0,0,0,0,0,0000,0000,0000,81
1023,1023,0,1,14e7,00,00,05,0,00,00,05,09,0,0,0,0,0,0,0,0000,0000,0000,81
